image,dilution,dilution_label,tile_idx,position_y,position_x,density_threshold_0.2,density_threshold_0.5,density_threshold_0.8,density_threshold_0.95,density_clahe_otsu_pred,density_clahe_otsu_orig
10240x_2025-05-29_02-22-00_002.tif,10240,10240x,0,0,0,0.0070495605,0.0020751953,0.00010681152,0.0,0.00565338134765625,0.4085540771484375
10240x_2025-05-29_02-22-00_002.tif,10240,10240x,1,0,512,0.0020370483,0.00064849854,2.2888184e-05,0.0,0.3645057678222656,0.37102508544921875
10240x_2025-05-29_02-22-00_002.tif,10240,10240x,2,0,1024,0.002380371,0.00077438354,7.247925e-05,0.0,0.3602027893066406,0.47954559326171875
10240x_2025-05-29_02-22-00_002.tif,10240,10240x,3,0,1536,0.0012741089,0.00033187866,3.0517578e-05,0.0,0.3304481506347656,0.5380973815917969
10240x_2025-05-29_02-22-00_002.tif,10240,10240x,4,0,2048,0.00333786,0.0008583069,4.9591064e-05,0.0,0.3213958740234375,0.4058189392089844
10240x_2025-05-29_02-22-00_002.tif,10240,10240x,5,0,2560,0.003353119,0.0006866455,3.0517578e-05,0.0,0.3095664978027344,0.5608749389648438
10240x_2025-05-29_02-22-00_002.tif,10240,10240x,6,0,3072,0.0054244995,0.0002937317,0.0,0.0,0.2791938781738281,0.24615097045898438
10240x_2025-05-29_02-22-00_002.tif,10240,10240x,7,512,0,0.0057907104,0.0017166138,8.773804e-05,0.0,0.2638053894042969,0.5058784484863281
10240x_2025-05-29_02-22-00_002.tif,10240,10240x,8,512,512,0.003353119,0.00092697144,3.4332275e-05,0.0,0.348846435546875,0.5483131408691406
10240x_2025-05-29_02-22-00_002.tif,10240,10240x,9,512,1024,0.002960205,0.00092697144,0.000102996826,0.0,0.3546142578125,0.4955940246582031
10240x_2025-05-29_02-22-00_002.tif,10240,10240x,10,512,1536,0.0026359558,0.0009536743,6.1035156e-05,0.0,0.3308868408203125,0.5264244079589844
10240x_2025-05-29_02-22-00_002.tif,10240,10240x,11,512,2048,0.00049972534,0.00018310547,1.9073486e-05,0.0,0.4232177734375,0.5729217529296875
10240x_2025-05-29_02-22-00_002.tif,10240,10240x,12,512,2560,0.002166748,0.00050354004,1.5258789e-05,0.0,0.3761787414550781,0.5464363098144531
10240x_2025-05-29_02-22-00_002.tif,10240,10240x,13,512,3072,0.0038833618,0.0008201599,0.0,0.0,0.3241729736328125,0.4801826477050781
10240x_2025-05-29_02-22-00_002.tif,10240,10240x,14,1024,0,0.003376007,0.00090789795,8.392334e-05,0.0,0.3546638488769531,0.5289077758789062
10240x_2025-05-29_02-22-00_002.tif,10240,10240x,15,1024,512,0.00036621094,0.0,0.0,0.0,0.4018898010253906,0.5337066650390625
10240x_2025-05-29_02-22-00_002.tif,10240,10240x,16,1024,1024,0.004295349,0.0011177063,1.1444092e-05,0.0,0.3254127502441406,0.4910926818847656
10240x_2025-05-29_02-22-00_002.tif,10240,10240x,17,1024,1536,0.000579834,0.00015640259,3.8146973e-06,0.0,0.3839530944824219,0.5455741882324219
10240x_2025-05-29_02-22-00_002.tif,10240,10240x,18,1024,2048,0.0009918213,0.00034713745,1.5258789e-05,0.0,0.3705329895019531,0.4964790344238281
10240x_2025-05-29_02-22-00_002.tif,10240,10240x,19,1024,2560,0.0024147034,0.0007247925,7.6293945e-06,0.0,0.31353759765625,0.4650535583496094
10240x_2025-05-29_02-22-00_002.tif,10240,10240x,20,1024,3072,0.0018806458,0.00050735474,0.0,0.0,0.33037567138671875,0.5305633544921875
10240x_2025-05-29_02-22-00_002.tif,10240,10240x,21,1536,0,0.0054244995,0.0013580322,0.0001449585,0.0,0.18811416625976562,0.45782470703125
10240x_2025-05-29_02-22-00_002.tif,10240,10240x,22,1536,512,0.0027427673,0.00046157837,5.340576e-05,0.0,0.22780227661132812,0.4920005798339844
10240x_2025-05-29_02-22-00_002.tif,10240,10240x,23,1536,1024,0.0026931763,0.00051116943,3.4332275e-05,0.0,0.31610870361328125,0.5188179016113281
10240x_2025-05-29_02-22-00_002.tif,10240,10240x,24,1536,1536,0.002571106,0.00049591064,3.8146973e-06,0.0,0.35395050048828125,0.4740562438964844
10240x_2025-05-29_02-22-00_002.tif,10240,10240x,25,1536,2048,0.0019989014,0.0004234314,0.0,0.0,0.3405303955078125,0.45099639892578125
10240x_2025-05-29_02-22-00_002.tif,10240,10240x,26,1536,2560,0.0024375916,0.00060272217,3.8146973e-06,0.0,0.31108856201171875,0.53460693359375
10240x_2025-05-29_02-22-00_002.tif,10240,10240x,27,1536,3072,0.0023651123,0.00062179565,0.0,0.0,0.3135986328125,0.5108222961425781
1280x_2025-05-16_00-59-00_002.tif,1280,1280x,0,0,0,0.09063339,0.021278381,0.0009841919,0.0,0.0945281982421875,0.101226806640625
1280x_2025-05-16_00-59-00_002.tif,1280,1280x,1,0,512,0.059906006,0.018184662,0.0013160706,0.0,0.054134368896484375,0.050632476806640625
1280x_2025-05-16_00-59-00_002.tif,1280,1280x,2,0,1024,0.050178528,0.018226624,0.0014533997,0.0,0.049373626708984375,0.038722991943359375
1280x_2025-05-16_00-59-00_002.tif,1280,1280x,3,0,1536,0.046527863,0.019233704,0.0018959045,0.0,0.046558380126953125,0.03981781005859375
1280x_2025-05-16_00-59-00_002.tif,1280,1280x,4,0,2048,0.03952408,0.016204834,0.001121521,0.0,0.038970947265625,0.11442947387695312
1280x_2025-05-16_00-59-00_002.tif,1280,1280x,5,0,2560,0.051742554,0.019470215,0.0008354187,0.0,0.05924224853515625,0.19646453857421875
1280x_2025-05-16_00-59-00_002.tif,1280,1280x,6,0,3072,0.052005768,0.014808655,0.00025558472,0.0,0.09303665161132812,0.23268890380859375
1280x_2025-05-16_00-59-00_002.tif,1280,1280x,7,512,0,0.10202789,0.022819519,0.0014419556,0.0,0.12115097045898438,0.049846649169921875
1280x_2025-05-16_00-59-00_002.tif,1280,1280x,8,512,512,0.06760788,0.016586304,0.0014228821,0.0,0.07039642333984375,0.035846710205078125
1280x_2025-05-16_00-59-00_002.tif,1280,1280x,9,512,1024,0.045082092,0.015907288,0.0021400452,0.0,0.037319183349609375,0.0326690673828125
1280x_2025-05-16_00-59-00_002.tif,1280,1280x,10,512,1536,0.03435135,0.013256073,0.0015525818,0.0,0.033527374267578125,0.024547576904296875
1280x_2025-05-16_00-59-00_002.tif,1280,1280x,11,512,2048,0.040473938,0.016357422,0.0015068054,0.0,0.040241241455078125,0.031070709228515625
1280x_2025-05-16_00-59-00_002.tif,1280,1280x,12,512,2560,0.042354584,0.017028809,0.0016746521,0.0,0.04303741455078125,0.039768218994140625
1280x_2025-05-16_00-59-00_002.tif,1280,1280x,13,512,3072,0.06389618,0.02532959,0.0020179749,0.0,0.06621551513671875,0.07495498657226562
1280x_2025-05-16_00-59-00_002.tif,1280,1280x,14,1024,0,0.110248566,0.021186829,0.00077056885,0.0,0.15390396118164062,0.04204559326171875
1280x_2025-05-16_00-59-00_002.tif,1280,1280x,15,1024,512,0.080566406,0.017623901,0.0011901855,0.0,0.09564208984375,0.037395477294921875
1280x_2025-05-16_00-59-00_002.tif,1280,1280x,16,1024,1024,0.04834366,0.013332367,0.0007019043,0.0,0.04752349853515625,0.026760101318359375
1280x_2025-05-16_00-59-00_002.tif,1280,1280x,17,1024,1536,0.038913727,0.013217926,0.0010528564,0.0,0.034137725830078125,0.028057098388671875
1280x_2025-05-16_00-59-00_002.tif,1280,1280x,18,1024,2048,0.033870697,0.0126953125,0.0011062622,0.0,0.039012908935546875,0.03829193115234375
1280x_2025-05-16_00-59-00_002.tif,1280,1280x,19,1024,2560,0.039463043,0.015029907,0.00075531006,0.0,0.045024871826171875,0.033893585205078125
1280x_2025-05-16_00-59-00_002.tif,1280,1280x,20,1024,3072,0.059921265,0.023605347,0.00157547,0.0,0.06273651123046875,0.06014251708984375
1280x_2025-05-16_00-59-00_002.tif,1280,1280x,21,1536,0,0.12603378,0.023181915,0.00078201294,0.0,0.17264556884765625,0.048725128173828125
1280x_2025-05-16_00-59-00_002.tif,1280,1280x,22,1536,512,0.10531235,0.01922226,0.0006713867,0.0,0.14357376098632812,0.041301727294921875
1280x_2025-05-16_00-59-00_002.tif,1280,1280x,23,1536,1024,0.06270981,0.013427734,0.00046539307,0.0,0.07628250122070312,0.2540092468261719
1280x_2025-05-16_00-59-00_002.tif,1280,1280x,24,1536,1536,0.049045563,0.013889313,0.0008430481,0.0,0.04593658447265625,0.028778076171875
1280x_2025-05-16_00-59-00_002.tif,1280,1280x,25,1536,2048,0.03753662,0.012031555,0.0007095337,0.0,0.0345611572265625,0.027950286865234375
1280x_2025-05-16_00-59-00_002.tif,1280,1280x,26,1536,2560,0.049556732,0.017654419,0.001499176,0.0,0.047542572021484375,0.03949737548828125
1280x_2025-05-16_00-59-00_002.tif,1280,1280x,27,1536,3072,0.063934326,0.024147034,0.0017776489,0.0,0.06464004516601562,0.055908203125
160x_2025-05-15_02-05-00.tif,160,160x,0,0,0,0.6980667,0.3475113,0.106472015,0.0016098022,0.4687919616699219,0.3269767761230469
160x_2025-05-15_02-05-00.tif,160,160x,1,0,512,0.64354324,0.2749939,0.075969696,0.0009536743,0.4459190368652344,0.2939453125
160x_2025-05-15_02-05-00.tif,160,160x,2,0,1024,0.6049881,0.2569847,0.06590271,0.0009765625,0.4392280578613281,0.283599853515625
160x_2025-05-15_02-05-00.tif,160,160x,3,0,1536,0.61151505,0.28107834,0.07178879,0.00035858154,0.4461250305175781,0.2939720153808594
160x_2025-05-15_02-05-00.tif,160,160x,4,0,2048,0.6204643,0.30409622,0.06820679,0.00020980835,0.45290374755859375,0.3108863830566406
160x_2025-05-15_02-05-00.tif,160,160x,5,0,2560,0.65628433,0.34560013,0.080005646,0.000118255615,0.4624443054199219,0.3357276916503906
160x_2025-05-15_02-05-00.tif,160,160x,6,0,3072,0.6932335,0.38965607,0.09077835,4.9591064e-05,0.4704933166503906,0.4084625244140625
160x_2025-05-15_02-05-00.tif,160,160x,7,512,0,0.67015076,0.28817368,0.06933975,0.00049591064,0.44541168212890625,0.3111763000488281
160x_2025-05-15_02-05-00.tif,160,160x,8,512,512,0.626812,0.25078583,0.064331055,0.0017700195,0.4321136474609375,0.2882347106933594
160x_2025-05-15_02-05-00.tif,160,160x,9,512,1024,0.5638809,0.21327591,0.04824829,0.000541687,0.4162864685058594,0.2690544128417969
160x_2025-05-15_02-05-00.tif,160,160x,10,512,1536,0.5745659,0.23557281,0.049819946,0.00035095215,0.4431419372558594,0.2881011962890625
160x_2025-05-15_02-05-00.tif,160,160x,11,512,2048,0.60948944,0.26623154,0.05526352,0.00018692017,0.45586395263671875,0.30364227294921875
160x_2025-05-15_02-05-00.tif,160,160x,12,512,2560,0.6574974,0.31155396,0.06735611,0.0001335144,0.4655876159667969,0.3285255432128906
160x_2025-05-15_02-05-00.tif,160,160x,13,512,3072,0.75112915,0.43458176,0.11881256,0.00019836426,0.49164581298828125,0.39292144775390625
160x_2025-05-15_02-05-00.tif,160,160x,14,1024,0,0.62467957,0.2674942,0.056861877,0.0005607605,0.4391937255859375,0.30324554443359375
160x_2025-05-15_02-05-00.tif,160,160x,15,1024,512,0.6139412,0.24282837,0.05228424,0.00049209595,0.4162101745605469,0.2877769470214844
160x_2025-05-15_02-05-00.tif,160,160x,16,1024,1024,0.59176636,0.23087692,0.048202515,0.0006713867,0.4215812683105469,0.28485107421875
160x_2025-05-15_02-05-00.tif,160,160x,17,1024,1536,0.5698509,0.21796036,0.03767395,0.0002937317,0.43003082275390625,0.2861213684082031
160x_2025-05-15_02-05-00.tif,160,160x,18,1024,2048,0.59540176,0.24879074,0.046676636,0.00017929077,0.45055389404296875,0.30901336669921875
160x_2025-05-15_02-05-00.tif,160,160x,19,1024,2560,0.6114845,0.26600266,0.05344391,0.00049591064,0.45569610595703125,0.3170204162597656
160x_2025-05-15_02-05-00.tif,160,160x,20,1024,3072,0.72652435,0.38524246,0.09753418,0.00048828125,0.48555755615234375,0.386932373046875
160x_2025-05-15_02-05-00.tif,160,160x,21,1536,0,0.581913,0.27560043,0.055892944,0.0005378723,0.4479713439941406,0.31601715087890625
160x_2025-05-15_02-05-00.tif,160,160x,22,1536,512,0.5861931,0.2365036,0.043376923,0.0004119873,0.4212913513183594,0.2928047180175781
160x_2025-05-15_02-05-00.tif,160,160x,23,1536,1024,0.6046524,0.2250557,0.042877197,0.0017204285,0.4183769226074219,0.2894859313964844
160x_2025-05-15_02-05-00.tif,160,160x,24,1536,1536,0.5887909,0.22226715,0.039546967,0.00044631958,0.4237709045410156,0.29175567626953125
160x_2025-05-15_02-05-00.tif,160,160x,25,1536,2048,0.573082,0.22298431,0.033008575,0.00025177002,0.4219627380371094,0.30200958251953125
160x_2025-05-15_02-05-00.tif,160,160x,26,1536,2560,0.59573364,0.2539444,0.046138763,0.00019073486,0.43781280517578125,0.320709228515625
160x_2025-05-15_02-05-00.tif,160,160x,27,1536,3072,0.71356964,0.3690071,0.09175491,0.0007324219,0.4855079650878906,0.3889961242675781
2560x_2025-05-16_00-59-00_002.tif,2560,2560x,0,0,0,0.04824829,0.01404953,0.0012779236,7.6293945e-06,0.0449066162109375,0.16543960571289062
2560x_2025-05-16_00-59-00_002.tif,2560,2560x,1,0,512,0.035972595,0.012290955,0.0012817383,0.0,0.028598785400390625,0.325042724609375
2560x_2025-05-16_00-59-00_002.tif,2560,2560x,2,0,1024,0.033866882,0.013523102,0.001953125,0.0,0.032135009765625,0.02635955810546875
2560x_2025-05-16_00-59-00_002.tif,2560,2560x,3,0,1536,0.030239105,0.012775421,0.0018806458,0.0,0.02725982666015625,0.02613067626953125
2560x_2025-05-16_00-59-00_002.tif,2560,2560x,4,0,2048,0.028640747,0.011726379,0.0014533997,0.0,0.027736663818359375,0.2507514953613281
2560x_2025-05-16_00-59-00_002.tif,2560,2560x,5,0,2560,0.03603363,0.013534546,0.0009613037,0.0,0.04522705078125,0.363128662109375
2560x_2025-05-16_00-59-00_002.tif,2560,2560x,6,0,3072,0.03870392,0.011295319,9.1552734e-05,0.0,0.12049102783203125,0.24284744262695312
2560x_2025-05-16_00-59-00_002.tif,2560,2560x,7,512,0,0.055164337,0.012447357,0.0009536743,0.0,0.09738540649414062,0.028614044189453125
2560x_2025-05-16_00-59-00_002.tif,2560,2560x,8,512,512,0.033275604,0.009399414,0.0008583069,0.0,0.031764984130859375,0.22090530395507812
2560x_2025-05-16_00-59-00_002.tif,2560,2560x,9,512,1024,0.03535843,0.0126953125,0.0013694763,0.0,0.030948638916015625,0.02555084228515625
2560x_2025-05-16_00-59-00_002.tif,2560,2560x,10,512,1536,0.035202026,0.014598846,0.0019226074,0.0,0.03363800048828125,0.0271759033203125
2560x_2025-05-16_00-59-00_002.tif,2560,2560x,11,512,2048,0.029689789,0.012042999,0.0010948181,0.0,0.02806854248046875,0.025386810302734375
2560x_2025-05-16_00-59-00_002.tif,2560,2560x,12,512,2560,0.032730103,0.012687683,0.0008773804,0.0,0.0372467041015625,0.03515625
2560x_2025-05-16_00-59-00_002.tif,2560,2560x,13,512,3072,0.033851624,0.012630463,0.00060653687,0.0,0.04473876953125,0.3348197937011719
2560x_2025-05-16_00-59-00_002.tif,2560,2560x,14,1024,0,0.086387634,0.016693115,0.0008583069,0.0,0.13384246826171875,0.03417205810546875
2560x_2025-05-16_00-59-00_002.tif,2560,2560x,15,1024,512,0.054973602,0.0134391785,0.0009460449,0.0,0.06349563598632812,0.0267181396484375
2560x_2025-05-16_00-59-00_002.tif,2560,2560x,16,1024,1024,0.036579132,0.011253357,0.0014266968,0.00010681152,0.031337738037109375,0.0251312255859375
2560x_2025-05-16_00-59-00_002.tif,2560,2560x,17,1024,1536,0.03892517,0.014190674,0.0012931824,0.0,0.036777496337890625,0.3385353088378906
2560x_2025-05-16_00-59-00_002.tif,2560,2560x,18,1024,2048,0.036209106,0.014377594,0.0019493103,1.5258789e-05,0.04050445556640625,0.042339324951171875
2560x_2025-05-16_00-59-00_002.tif,2560,2560x,19,1024,2560,0.032798767,0.01341629,0.0013465881,0.0,0.033428192138671875,0.027698516845703125
2560x_2025-05-16_00-59-00_002.tif,2560,2560x,20,1024,3072,0.039813995,0.0154418945,0.0013160706,0.0,0.044216156005859375,0.21624755859375
2560x_2025-05-16_00-59-00_002.tif,2560,2560x,21,1536,0,0.08440781,0.01335907,0.00022125244,0.0,0.17098617553710938,0.02684783935546875
2560x_2025-05-16_00-59-00_002.tif,2560,2560x,22,1536,512,0.067359924,0.013580322,0.0012397766,2.670288e-05,0.11308670043945312,0.02581024169921875
2560x_2025-05-16_00-59-00_002.tif,2560,2560x,23,1536,1024,0.047080994,0.010757446,0.00035858154,0.0,0.054302215576171875,0.33161163330078125
2560x_2025-05-16_00-59-00_002.tif,2560,2560x,24,1536,1536,0.044891357,0.013004303,0.00079345703,0.0,0.041728973388671875,0.0298919677734375
2560x_2025-05-16_00-59-00_002.tif,2560,2560x,25,1536,2048,0.03173065,0.010585785,0.0008544922,0.0,0.027652740478515625,0.023746490478515625
2560x_2025-05-16_00-59-00_002.tif,2560,2560x,26,1536,2560,0.035583496,0.013031006,0.0012168884,0.0,0.035137176513671875,0.027820587158203125
2560x_2025-05-16_00-59-00_002.tif,2560,2560x,27,1536,3072,0.036575317,0.014183044,0.00157547,0.0,0.03903961181640625,0.03824615478515625
320x_2025-05-15_02-05-00.tif,320,320x,0,0,0,0.40483856,0.17082596,0.033554077,3.4332275e-05,0.322021484375,0.25554656982421875
320x_2025-05-15_02-05-00.tif,320,320x,1,0,512,0.33454514,0.11412048,0.019683838,8.392334e-05,0.2762260437011719,0.1709747314453125
320x_2025-05-15_02-05-00.tif,320,320x,2,0,1024,0.3263092,0.112716675,0.020507812,0.00032806396,0.2779197692871094,0.1714324951171875
320x_2025-05-15_02-05-00.tif,320,320x,3,0,1536,0.28880692,0.10053635,0.014770508,0.00011062622,0.2530326843261719,0.16021728515625
320x_2025-05-15_02-05-00.tif,320,320x,4,0,2048,0.24554825,0.09215164,0.012054443,3.8146973e-05,0.21983718872070312,0.14879226684570312
320x_2025-05-15_02-05-00.tif,320,320x,5,0,2560,0.23447418,0.09078598,0.007572174,0.0,0.22186279296875,0.15105819702148438
320x_2025-05-15_02-05-00.tif,320,320x,6,0,3072,0.24368286,0.09902191,0.008098602,0.0,0.2342071533203125,0.2679328918457031
320x_2025-05-15_02-05-00.tif,320,320x,7,512,0,0.36450195,0.13254547,0.02602768,0.0,0.2856903076171875,0.20389556884765625
320x_2025-05-15_02-05-00.tif,320,320x,8,512,512,0.33835602,0.10512161,0.018520355,7.247925e-05,0.2742576599121094,0.17082595825195312
320x_2025-05-15_02-05-00.tif,320,320x,9,512,1024,0.32299805,0.096637726,0.014877319,6.484985e-05,0.27608489990234375,0.16364669799804688
320x_2025-05-15_02-05-00.tif,320,320x,10,512,1536,0.2791443,0.085357666,0.010559082,1.5258789e-05,0.26575469970703125,0.149261474609375
320x_2025-05-15_02-05-00.tif,320,320x,11,512,2048,0.27819443,0.08862686,0.008918762,1.1444092e-05,0.2577629089355469,0.15395355224609375
320x_2025-05-15_02-05-00.tif,320,320x,12,512,2560,0.25096893,0.083805084,0.007896423,7.247925e-05,0.22806549072265625,0.1492462158203125
320x_2025-05-15_02-05-00.tif,320,320x,13,512,3072,0.23819351,0.08831787,0.007205963,0.0,0.2212371826171875,0.15856170654296875
320x_2025-05-15_02-05-00.tif,320,320x,14,1024,0,0.37023544,0.12067795,0.019412994,0.00017166138,0.2908744812011719,0.20875167846679688
320x_2025-05-15_02-05-00.tif,320,320x,15,1024,512,0.3185768,0.093803406,0.012989044,9.918213e-05,0.2667808532714844,0.1626434326171875
320x_2025-05-15_02-05-00.tif,320,320x,16,1024,1024,0.31398773,0.083789825,0.0095329285,6.484985e-05,0.26739501953125,0.157623291015625
320x_2025-05-15_02-05-00.tif,320,320x,17,1024,1536,0.28219986,0.07745743,0.0067977905,2.670288e-05,0.2525978088378906,0.14807510375976562
320x_2025-05-15_02-05-00.tif,320,320x,18,1024,2048,0.2627983,0.075984955,0.005630493,3.0517578e-05,0.2449951171875,0.14792251586914062
320x_2025-05-15_02-05-00.tif,320,320x,19,1024,2560,0.24232483,0.06952667,0.004497528,0.0,0.2310028076171875,0.13663864135742188
320x_2025-05-15_02-05-00.tif,320,320x,20,1024,3072,0.25484848,0.0838356,0.0054016113,1.1444092e-05,0.23081207275390625,0.15682601928710938
320x_2025-05-15_02-05-00.tif,320,320x,21,1536,0,0.40977097,0.12933731,0.015743256,1.9073486e-05,0.3166618347167969,0.3185691833496094
320x_2025-05-15_02-05-00.tif,320,320x,22,1536,512,0.3221054,0.097724915,0.00932312,3.0517578e-05,0.2794609069824219,0.17166900634765625
320x_2025-05-15_02-05-00.tif,320,320x,23,1536,1024,0.33164978,0.09103775,0.00957489,2.670288e-05,0.2766227722167969,0.17008209228515625
320x_2025-05-15_02-05-00.tif,320,320x,24,1536,1536,0.29736328,0.078567505,0.0062828064,0.00011444092,0.2607421875,0.1547393798828125
320x_2025-05-15_02-05-00.tif,320,320x,25,1536,2048,0.30696487,0.08644867,0.0054359436,7.6293945e-06,0.26807403564453125,0.16849136352539062
320x_2025-05-15_02-05-00.tif,320,320x,26,1536,2560,0.26219177,0.07731247,0.0042419434,0.0,0.23999786376953125,0.1523590087890625
320x_2025-05-15_02-05-00.tif,320,320x,27,1536,3072,0.29541016,0.09492493,0.0061187744,2.670288e-05,0.26462554931640625,0.17414474487304688
5120x_2025-05-16_00-59-00.tif,5120,5120x,0,0,0,0.028263092,0.0075798035,0.00038146973,0.0,0.039608001708984375,0.29407501220703125
5120x_2025-05-16_00-59-00.tif,5120,5120x,1,0,512,0.017547607,0.0056381226,0.0005569458,0.0,0.014003753662109375,0.3969917297363281
5120x_2025-05-16_00-59-00.tif,5120,5120x,2,0,1024,0.011096954,0.0041007996,0.0005912781,0.0,0.2603645324707031,0.4473304748535156
5120x_2025-05-16_00-59-00.tif,5120,5120x,3,0,1536,0.008876801,0.0033111572,0.00039291382,0.0,0.03802490234375,0.3717536926269531
5120x_2025-05-16_00-59-00.tif,5120,5120x,4,0,2048,0.011745453,0.0041389465,0.0002975464,0.0,0.19104385375976562,0.3060035705566406
5120x_2025-05-16_00-59-00.tif,5120,5120x,5,0,2560,0.017169952,0.0055160522,0.00019454956,0.0,0.2485198974609375,0.43428802490234375
5120x_2025-05-16_00-59-00.tif,5120,5120x,6,0,3072,0.019477844,0.00390625,6.1035156e-05,0.0,0.355682373046875,0.30130767822265625
5120x_2025-05-16_00-59-00.tif,5120,5120x,7,512,0,0.02696991,0.004798889,0.00020599365,0.0,0.21561813354492188,0.41191864013671875
5120x_2025-05-16_00-59-00.tif,5120,5120x,8,512,512,0.009437561,0.0027389526,0.00022125244,0.0,0.29938507080078125,0.4249382019042969
5120x_2025-05-16_00-59-00.tif,5120,5120x,9,512,1024,0.0114860535,0.0038719177,0.0004310608,0.0,0.009490966796875,0.4937858581542969
5120x_2025-05-16_00-59-00.tif,5120,5120x,10,512,1536,0.01177597,0.004421234,0.00034713745,0.0,0.19184112548828125,0.4830513000488281
5120x_2025-05-16_00-59-00.tif,5120,5120x,11,512,2048,0.0131111145,0.004711151,0.0002937317,0.0,0.027095794677734375,0.4162483215332031
5120x_2025-05-16_00-59-00.tif,5120,5120x,12,512,2560,0.012962341,0.004470825,0.00022888184,0.0,0.12182998657226562,0.3225212097167969
5120x_2025-05-16_00-59-00.tif,5120,5120x,13,512,3072,0.015537262,0.004627228,0.000118255615,0.0,0.2772369384765625,0.4046478271484375
5120x_2025-05-16_00-59-00.tif,5120,5120x,14,1024,0,0.041484833,0.006351471,0.00021362305,0.0,0.1982879638671875,0.4121742248535156
5120x_2025-05-16_00-59-00.tif,5120,5120x,15,1024,512,0.022693634,0.0046958923,8.010864e-05,0.0,0.1995391845703125,0.4517250061035156
5120x_2025-05-16_00-59-00.tif,5120,5120x,16,1024,1024,0.016262054,0.0050315857,0.00061798096,3.0517578e-05,0.01306915283203125,0.37920379638671875
5120x_2025-05-16_00-59-00.tif,5120,5120x,17,1024,1536,0.015724182,0.0051841736,0.00020217896,0.0,0.01406097412109375,0.489471435546875
5120x_2025-05-16_00-59-00.tif,5120,5120x,18,1024,2048,0.010730743,0.0038719177,0.00033187866,0.0,0.2181549072265625,0.4341697692871094
5120x_2025-05-16_00-59-00.tif,5120,5120x,19,1024,2560,0.017181396,0.0063209534,0.00030136108,0.0,0.028865814208984375,0.3752593994140625
5120x_2025-05-16_00-59-00.tif,5120,5120x,20,1024,3072,0.019275665,0.006866455,0.00025177002,0.0,0.03627777099609375,0.3314399719238281
5120x_2025-05-16_00-59-00.tif,5120,5120x,21,1536,0,0.045581818,0.005683899,0.000102996826,0.0,0.20524215698242188,0.38443756103515625
5120x_2025-05-16_00-59-00.tif,5120,5120x,22,1536,512,0.030826569,0.0044517517,6.1035156e-05,0.0,0.2245025634765625,0.4037361145019531
5120x_2025-05-16_00-59-00.tif,5120,5120x,23,1536,1024,0.016418457,0.0035247803,0.00017547607,0.0,0.21189117431640625,0.421295166015625
5120x_2025-05-16_00-59-00.tif,5120,5120x,24,1536,1536,0.015625,0.004135132,0.00011444092,0.0,0.015625,0.42414093017578125
5120x_2025-05-16_00-59-00.tif,5120,5120x,25,1536,2048,0.010951996,0.003490448,0.00017929077,0.0,0.2507133483886719,0.4689445495605469
5120x_2025-05-16_00-59-00.tif,5120,5120x,26,1536,2560,0.011806488,0.0038337708,0.00022506714,0.0,0.2736968994140625,0.425689697265625
5120x_2025-05-16_00-59-00.tif,5120,5120x,27,1536,3072,0.015846252,0.00541687,0.00033569336,0.0,0.119354248046875,0.4149017333984375
640x_2025-05-16_00-59-00_002.tif,640,640x,0,0,0,0.27713013,0.08602905,0.0069885254,0.0,0.22818756103515625,0.14825439453125
640x_2025-05-16_00-59-00_002.tif,640,640x,1,0,512,0.21686554,0.07746887,0.012512207,0.001033783,0.17926406860351562,0.13343429565429688
640x_2025-05-16_00-59-00_002.tif,640,640x,2,0,1024,0.14008713,0.056316376,0.006160736,0.0,0.13472747802734375,0.09864044189453125
640x_2025-05-16_00-59-00_002.tif,640,640x,3,0,1536,0.11141205,0.04889679,0.0039482117,0.0,0.11150741577148438,0.09319305419921875
640x_2025-05-16_00-59-00_002.tif,640,640x,4,0,2048,0.10464859,0.043567657,0.0016937256,0.0,0.10390853881835938,0.10868453979492188
640x_2025-05-16_00-59-00_002.tif,640,640x,5,0,2560,0.105472565,0.03834915,0.0014038086,0.0,0.11478042602539062,0.12112808227539062
640x_2025-05-16_00-59-00_002.tif,640,640x,6,0,3072,0.10970688,0.030887604,0.0008430481,0.0,0.132476806640625,0.18426513671875
640x_2025-05-16_00-59-00_002.tif,640,640x,7,512,0,0.27168655,0.07864761,0.009075165,0.0012321472,0.22554779052734375,0.12747955322265625
640x_2025-05-16_00-59-00_002.tif,640,640x,8,512,512,0.20605087,0.059509277,0.005142212,3.8146973e-06,0.17848587036132812,0.10925674438476562
640x_2025-05-16_00-59-00_002.tif,640,640x,9,512,1024,0.13183594,0.042907715,0.0018615723,0.0,0.12923812866210938,0.09585952758789062
640x_2025-05-16_00-59-00_002.tif,640,640x,10,512,1536,0.105140686,0.04039383,0.0021705627,0.0,0.11610031127929688,0.0798797607421875
640x_2025-05-16_00-59-00_002.tif,640,640x,11,512,2048,0.08551788,0.034687042,0.0018920898,0.0,0.08740615844726562,0.0803070068359375
640x_2025-05-16_00-59-00_002.tif,640,640x,12,512,2560,0.10141373,0.04102707,0.0021247864,0.0,0.10280609130859375,0.09894943237304688
640x_2025-05-16_00-59-00_002.tif,640,640x,13,512,3072,0.11383057,0.0410347,0.0015716553,0.0,0.120025634765625,0.12719345092773438
640x_2025-05-16_00-59-00_002.tif,640,640x,14,1024,0,0.27895355,0.07449341,0.005054474,0.0,0.23817062377929688,0.12548446655273438
640x_2025-05-16_00-59-00_002.tif,640,640x,15,1024,512,0.19023514,0.046215057,0.0025177002,7.6293945e-06,0.16957473754882812,0.092376708984375
640x_2025-05-16_00-59-00_002.tif,640,640x,16,1024,1024,0.13663864,0.035736084,0.001247406,0.0,0.13216018676757812,0.09011077880859375
640x_2025-05-16_00-59-00_002.tif,640,640x,17,1024,1536,0.08232117,0.025856018,0.0008392334,0.0,0.08805084228515625,0.06909561157226562
640x_2025-05-16_00-59-00_002.tif,640,640x,18,1024,2048,0.072200775,0.025707245,0.00060653687,0.0,0.09238052368164062,0.0839385986328125
640x_2025-05-16_00-59-00_002.tif,640,640x,19,1024,2560,0.07986832,0.03100586,0.0012969971,0.0,0.08814620971679688,0.0739593505859375
640x_2025-05-16_00-59-00_002.tif,640,640x,20,1024,3072,0.12676239,0.050430298,0.0021705627,0.0,0.12828826904296875,0.1205902099609375
640x_2025-05-16_00-59-00_002.tif,640,640x,21,1536,0,0.28870392,0.0703125,0.0031280518,0.0,0.2546501159667969,0.12094879150390625
640x_2025-05-16_00-59-00_002.tif,640,640x,22,1536,512,0.21255493,0.050460815,0.0016403198,0.0,0.20225906372070312,0.09576034545898438
640x_2025-05-16_00-59-00_002.tif,640,640x,23,1536,1024,0.16202545,0.036128998,0.00090789795,0.0,0.15521621704101562,0.08649063110351562
640x_2025-05-16_00-59-00_002.tif,640,640x,24,1536,1536,0.11526108,0.031772614,0.0040740967,0.0012397766,0.10554885864257812,0.07336044311523438
640x_2025-05-16_00-59-00_002.tif,640,640x,25,1536,2048,0.08686066,0.025585175,0.00039672852,0.0,0.08854293823242188,0.07711029052734375
640x_2025-05-16_00-59-00_002.tif,640,640x,26,1536,2560,0.11266327,0.03848648,0.0012397766,0.0,0.11602020263671875,0.09341049194335938
640x_2025-05-16_00-59-00_002.tif,640,640x,27,1536,3072,0.14733124,0.05588913,0.0021438599,0.0,0.14754867553710938,0.11937713623046875
80x_2025-05-22_14-48-00.tif,80,80x,0,0,0,0.8821602,0.62789917,0.30788422,0.02293396,0.5148048400878906,0.45114898681640625
80x_2025-05-22_14-48-00.tif,80,80x,1,0,512,0.88684845,0.6181526,0.33122635,0.031169891,0.51458740234375,0.4426307678222656
80x_2025-05-22_14-48-00.tif,80,80x,2,0,1024,0.85850525,0.6026459,0.3134346,0.026088715,0.5151748657226562,0.4508399963378906
80x_2025-05-22_14-48-00.tif,80,80x,3,0,1536,0.85624313,0.6037941,0.30825043,0.023139954,0.5129241943359375,0.4588203430175781
80x_2025-05-22_14-48-00.tif,80,80x,4,0,2048,0.8545723,0.58683395,0.2711563,0.013637543,0.508331298828125,0.4483146667480469
80x_2025-05-22_14-48-00.tif,80,80x,5,0,2560,0.86826706,0.59129715,0.25091934,0.0100364685,0.5045204162597656,0.4483795166015625
80x_2025-05-22_14-48-00.tif,80,80x,6,0,3072,0.87804794,0.5871086,0.21858215,0.0048217773,0.5058441162109375,0.4524955749511719
80x_2025-05-22_14-48-00.tif,80,80x,7,512,0,0.8639717,0.60705185,0.31079483,0.023052216,0.5138130187988281,0.45017242431640625
80x_2025-05-22_14-48-00.tif,80,80x,8,512,512,0.84575653,0.5645561,0.2966385,0.02626419,0.5084037780761719,0.4363594055175781
80x_2025-05-22_14-48-00.tif,80,80x,9,512,1024,0.8256836,0.5598068,0.2794571,0.01971817,0.5077323913574219,0.444427490234375
80x_2025-05-22_14-48-00.tif,80,80x,10,512,1536,0.8061142,0.5509834,0.2723236,0.01687622,0.50506591796875,0.4432106018066406
80x_2025-05-22_14-48-00.tif,80,80x,11,512,2048,0.8123169,0.5605774,0.26065063,0.014438629,0.5034751892089844,0.45043182373046875
80x_2025-05-22_14-48-00.tif,80,80x,12,512,2560,0.81620026,0.5431061,0.21977234,0.0076065063,0.5015449523925781,0.44179534912109375
80x_2025-05-22_14-48-00.tif,80,80x,13,512,3072,0.8280525,0.5321007,0.18681717,0.00623703,0.49981689453125,0.4316673278808594
80x_2025-05-22_14-48-00.tif,80,80x,14,1024,0,0.83006287,0.5649338,0.28175354,0.019821167,0.5071144104003906,0.442108154296875
80x_2025-05-22_14-48-00.tif,80,80x,15,1024,512,0.8288574,0.55841446,0.28260422,0.02147293,0.5061111450195312,0.4400062561035156
80x_2025-05-22_14-48-00.tif,80,80x,16,1024,1024,0.7967949,0.5173874,0.25242996,0.018871307,0.4990119934082031,0.43184661865234375
80x_2025-05-22_14-48-00.tif,80,80x,17,1024,1536,0.7856102,0.52305603,0.24335098,0.015880585,0.5018768310546875,0.43994140625
80x_2025-05-22_14-48-00.tif,80,80x,18,1024,2048,0.7835007,0.51436234,0.21565247,0.01134491,0.4994239807128906,0.4361763000488281
80x_2025-05-22_14-48-00.tif,80,80x,19,1024,2560,0.7917175,0.5354271,0.21557999,0.009380341,0.5003852844238281,0.4541664123535156
80x_2025-05-22_14-48-00.tif,80,80x,20,1024,3072,0.7800522,0.50541687,0.18504715,0.0063667297,0.5022201538085938,0.4373626708984375
80x_2025-05-22_14-48-00.tif,80,80x,21,1536,0,0.799263,0.54712677,0.24562073,0.010536194,0.5035591125488281,0.44651031494140625
80x_2025-05-22_14-48-00.tif,80,80x,22,1536,512,0.78258896,0.53247833,0.24772263,0.016544342,0.5040702819824219,0.4422035217285156
80x_2025-05-22_14-48-00.tif,80,80x,23,1536,1024,0.7656517,0.5112915,0.23312378,0.016815186,0.4999961853027344,0.439697265625
80x_2025-05-22_14-48-00.tif,80,80x,24,1536,1536,0.76020813,0.49927902,0.2155571,0.015743256,0.4981803894042969,0.4379081726074219
80x_2025-05-22_14-48-00.tif,80,80x,25,1536,2048,0.75380325,0.50193405,0.20185089,0.012001038,0.5007781982421875,0.4443511962890625
80x_2025-05-22_14-48-00.tif,80,80x,26,1536,2560,0.73506165,0.48913193,0.19371796,0.011077881,0.49971771240234375,0.4426460266113281
80x_2025-05-22_14-48-00.tif,80,80x,27,1536,3072,0.7536659,0.49741745,0.17115784,0.008563995,0.5002288818359375,0.45090484619140625
