image,dilution,dilution_label,tile_idx,position_y,position_x,density_threshold,density_clahe_otsu_pred,density_clahe_otsu_orig
10240x_2560x_2025-05-16_00-59-00_002.tif,10240,10240x,0,0,0,0.01404953,0.9550933837890625,0.8130531311035156
10240x_2560x_2025-05-16_00-59-00_002.tif,10240,10240x,1,0,512,0.012290955,0.9714012145996094,0.6598358154296875
10240x_2560x_2025-05-16_00-59-00_002.tif,10240,10240x,2,0,1024,0.013523102,0.967864990234375,0.9738388061523438
10240x_2560x_2025-05-16_00-59-00_002.tif,10240,10240x,3,0,1536,0.012775421,0.9727401733398438,0.9734344482421875
10240x_2560x_2025-05-16_00-59-00_002.tif,10240,10240x,4,0,2048,0.011726379,0.9722633361816406,0.7375411987304688
10240x_2560x_2025-05-16_00-59-00_002.tif,10240,10240x,5,0,2560,0.013534546,0.95477294921875,0.6406173706054688
10240x_2560x_2025-05-16_00-59-00_002.tif,10240,10240x,6,0,3072,0.011295319,0.8795089721679688,0.7551536560058594
10240x_2560x_2025-05-16_00-59-00_002.tif,10240,10240x,7,512,0,0.012447357,0.9026145935058594,0.7070732116699219
10240x_2560x_2025-05-16_00-59-00_002.tif,10240,10240x,8,512,512,0.009399414,0.9682350158691406,0.7046546936035156
10240x_2560x_2025-05-16_00-59-00_002.tif,10240,10240x,9,512,1024,0.0126953125,0.9690513610839844,0.9745712280273438
10240x_2560x_2025-05-16_00-59-00_002.tif,10240,10240x,10,512,1536,0.014598846,0.9663619995117188,0.9735450744628906
10240x_2560x_2025-05-16_00-59-00_002.tif,10240,10240x,11,512,2048,0.012042999,0.9719314575195312,0.9746284484863281
10240x_2560x_2025-05-16_00-59-00_002.tif,10240,10240x,12,512,2560,0.012687683,0.9627532958984375,0.9645843505859375
10240x_2560x_2025-05-16_00-59-00_002.tif,10240,10240x,13,512,3072,0.012630463,0.95526123046875,0.668731689453125
10240x_2560x_2025-05-16_00-59-00_002.tif,10240,10240x,14,1024,0,0.016693115,0.8661575317382812,0.9656944274902344
10240x_2560x_2025-05-16_00-59-00_002.tif,10240,10240x,15,1024,512,0.0134391785,0.9365043640136719,0.9741363525390625
10240x_2560x_2025-05-16_00-59-00_002.tif,10240,10240x,16,1024,1024,0.011253357,0.9686622619628906,0.7203178405761719
10240x_2560x_2025-05-16_00-59-00_002.tif,10240,10240x,17,1024,1536,0.014190674,0.9632225036621094,0.6690177917480469
10240x_2560x_2025-05-16_00-59-00_002.tif,10240,10240x,18,1024,2048,0.014377594,0.9594955444335938,0.9569587707519531
10240x_2560x_2025-05-16_00-59-00_002.tif,10240,10240x,19,1024,2560,0.01341629,0.9665718078613281,0.9727783203125
10240x_2560x_2025-05-16_00-59-00_002.tif,10240,10240x,20,1024,3072,0.0154418945,0.9557838439941406,0.770904541015625
10240x_2560x_2025-05-16_00-59-00_002.tif,10240,10240x,21,1536,0,0.01335907,0.8290138244628906,0.9727706909179688
10240x_2560x_2025-05-16_00-59-00_002.tif,10240,10240x,22,1536,512,0.013580322,0.8869132995605469,0.9748306274414062
10240x_2560x_2025-05-16_00-59-00_002.tif,10240,10240x,23,1536,1024,0.010757446,0.9456977844238281,0.6556282043457031
10240x_2560x_2025-05-16_00-59-00_002.tif,10240,10240x,24,1536,1536,0.013004303,0.9582710266113281,0.9698219299316406
10240x_2560x_2025-05-16_00-59-00_002.tif,10240,10240x,25,1536,2048,0.010585785,0.9723472595214844,0.6143379211425781
10240x_2560x_2025-05-16_00-59-00_002.tif,10240,10240x,26,1536,2560,0.013031006,0.9648628234863281,0.9714241027832031
10240x_2560x_2025-05-16_00-59-00_002.tif,10240,10240x,27,1536,3072,0.014183044,0.9609603881835938,0.9590873718261719
10x_2025-05-15_02-05-00.tif,10,10x,0,0,0,0.8108902,0.4219398498535156,0.3943824768066406
10x_2025-05-15_02-05-00.tif,10,10x,1,0,512,0.87008286,0.3772735595703125,0.3609619140625
10x_2025-05-15_02-05-00.tif,10,10x,2,0,1024,0.8697853,0.3672332763671875,0.343597412109375
10x_2025-05-15_02-05-00.tif,10,10x,3,0,1536,0.8745537,0.3654136657714844,0.3364715576171875
10x_2025-05-15_02-05-00.tif,10,10x,4,0,2048,0.84664536,0.37792205810546875,0.3376808166503906
10x_2025-05-15_02-05-00.tif,10,10x,5,0,2560,0.8207512,0.4003486633300781,0.3468208312988281
10x_2025-05-15_02-05-00.tif,10,10x,6,0,3072,0.77788544,0.41656494140625,0.3492431640625
10x_2025-05-15_02-05-00.tif,10,10x,7,512,0,0.8359413,0.3993492126464844,0.3853569030761719
10x_2025-05-15_02-05-00.tif,10,10x,8,512,512,0.8726616,0.36467742919921875,0.3690605163574219
10x_2025-05-15_02-05-00.tif,10,10x,9,512,1024,0.8733597,0.3535652160644531,0.34201812744140625
10x_2025-05-15_02-05-00.tif,10,10x,10,512,1536,0.87007904,0.3574943542480469,0.3247337341308594
10x_2025-05-15_02-05-00.tif,10,10x,11,512,2048,0.8487892,0.37328338623046875,0.3210563659667969
10x_2025-05-15_02-05-00.tif,10,10x,12,512,2560,0.8159294,0.39562225341796875,0.3219566345214844
10x_2025-05-15_02-05-00.tif,10,10x,13,512,3072,0.7790909,0.41745758056640625,0.3371315002441406
10x_2025-05-15_02-05-00.tif,10,10x,14,1024,0,0.8313103,0.4065742492675781,0.38629913330078125
10x_2025-05-15_02-05-00.tif,10,10x,15,1024,512,0.8506279,0.3724403381347656,0.3262214660644531
10x_2025-05-15_02-05-00.tif,10,10x,16,1024,1024,0.87036514,0.3467445373535156,0.3470115661621094
10x_2025-05-15_02-05-00.tif,10,10x,17,1024,1536,0.8659096,0.3650016784667969,0.3307037353515625
10x_2025-05-15_02-05-00.tif,10,10x,18,1024,2048,0.8473129,0.37166595458984375,0.3171653747558594
10x_2025-05-15_02-05-00.tif,10,10x,19,1024,2560,0.8097191,0.3997611999511719,0.3158988952636719
10x_2025-05-15_02-05-00.tif,10,10x,20,1024,3072,0.79624176,0.4062652587890625,0.339019775390625
10x_2025-05-15_02-05-00.tif,10,10x,21,1536,0,0.79068756,0.4244346618652344,0.39453887939453125
10x_2025-05-15_02-05-00.tif,10,10x,22,1536,512,0.8385849,0.38513946533203125,0.3732147216796875
10x_2025-05-15_02-05-00.tif,10,10x,23,1536,1024,0.85490036,0.3634300231933594,0.37509918212890625
10x_2025-05-15_02-05-00.tif,10,10x,24,1536,1536,0.8469238,0.3794403076171875,0.3435020446777344
10x_2025-05-15_02-05-00.tif,10,10x,25,1536,2048,0.83501816,0.387786865234375,0.33325958251953125
10x_2025-05-15_02-05-00.tif,10,10x,26,1536,2560,0.80425644,0.4126091003417969,0.3519554138183594
10x_2025-05-15_02-05-00.tif,10,10x,27,1536,3072,0.7789688,0.4280548095703125,0.35413360595703125
1280x_2025-05-16_00-59-00_002.tif,1280,1280x,0,0,0,0.021278381,0.9054718017578125,0.8722648620605469
1280x_2025-05-16_00-59-00_002.tif,1280,1280x,1,0,512,0.018184662,0.9458656311035156,0.9402427673339844
1280x_2025-05-16_00-59-00_002.tif,1280,1280x,2,0,1024,0.018226624,0.9506263732910156,0.9619216918945312
1280x_2025-05-16_00-59-00_002.tif,1280,1280x,3,0,1536,0.019233704,0.9534416198730469,0.9599037170410156
1280x_2025-05-16_00-59-00_002.tif,1280,1280x,4,0,2048,0.016204834,0.961029052734375,0.8733901977539062
1280x_2025-05-16_00-59-00_002.tif,1280,1280x,5,0,2560,0.019470215,0.9407577514648438,0.73748779296875
1280x_2025-05-16_00-59-00_002.tif,1280,1280x,6,0,3072,0.014808655,0.9069633483886719,0.7647438049316406
1280x_2025-05-16_00-59-00_002.tif,1280,1280x,7,512,0,0.022819519,0.8788490295410156,0.948333740234375
1280x_2025-05-16_00-59-00_002.tif,1280,1280x,8,512,512,0.016586304,0.9296035766601562,0.96435546875
1280x_2025-05-16_00-59-00_002.tif,1280,1280x,9,512,1024,0.015907288,0.9626808166503906,0.9675178527832031
1280x_2025-05-16_00-59-00_002.tif,1280,1280x,10,512,1536,0.013256073,0.9664726257324219,0.9757804870605469
1280x_2025-05-16_00-59-00_002.tif,1280,1280x,11,512,2048,0.016357422,0.9597587585449219,0.9688301086425781
1280x_2025-05-16_00-59-00_002.tif,1280,1280x,12,512,2560,0.017028809,0.9569625854492188,0.9604415893554688
1280x_2025-05-16_00-59-00_002.tif,1280,1280x,13,512,3072,0.02532959,0.9337844848632812,0.92047119140625
1280x_2025-05-16_00-59-00_002.tif,1280,1280x,14,1024,0,0.021186829,0.8460960388183594,0.9579124450683594
1280x_2025-05-16_00-59-00_002.tif,1280,1280x,15,1024,512,0.017623901,0.90435791015625,0.9637794494628906
1280x_2025-05-16_00-59-00_002.tif,1280,1280x,16,1024,1024,0.013332367,0.9524765014648438,0.9727897644042969
1280x_2025-05-16_00-59-00_002.tif,1280,1280x,17,1024,1536,0.013217926,0.9658622741699219,0.7356071472167969
1280x_2025-05-16_00-59-00_002.tif,1280,1280x,18,1024,2048,0.0126953125,0.9609870910644531,0.9597206115722656
1280x_2025-05-16_00-59-00_002.tif,1280,1280x,19,1024,2560,0.015029907,0.9549751281738281,0.9661064147949219
1280x_2025-05-16_00-59-00_002.tif,1280,1280x,20,1024,3072,0.023605347,0.9372634887695312,0.9390869140625
1280x_2025-05-16_00-59-00_002.tif,1280,1280x,21,1536,0,0.023181915,0.8273544311523438,0.9519462585449219
1280x_2025-05-16_00-59-00_002.tif,1280,1280x,22,1536,512,0.01922226,0.8564262390136719,0.9579696655273438
1280x_2025-05-16_00-59-00_002.tif,1280,1280x,23,1536,1024,0.013427734,0.9237174987792969,0.71624755859375
1280x_2025-05-16_00-59-00_002.tif,1280,1280x,24,1536,1536,0.013889313,0.9540634155273438,0.9709358215332031
1280x_2025-05-16_00-59-00_002.tif,1280,1280x,25,1536,2048,0.012031555,0.9654388427734375,0.972259521484375
1280x_2025-05-16_00-59-00_002.tif,1280,1280x,26,1536,2560,0.017654419,0.9524574279785156,0.9603614807128906
1280x_2025-05-16_00-59-00_002.tif,1280,1280x,27,1536,3072,0.024147034,0.9353713989257812,0.9448890686035156
160x_2025-05-15_02-05-00.tif,160,160x,0,0,0,0.3475113,0.5312080383300781,0.6705284118652344
160x_2025-05-15_02-05-00.tif,160,160x,1,0,512,0.2749939,0.5540809631347656,0.7026786804199219
160x_2025-05-15_02-05-00.tif,160,160x,2,0,1024,0.2569847,0.5607719421386719,0.7137947082519531
160x_2025-05-15_02-05-00.tif,160,160x,3,0,1536,0.28107834,0.5538749694824219,0.7023849487304688
160x_2025-05-15_02-05-00.tif,160,160x,4,0,2048,0.30409622,0.5470962524414062,0.6840019226074219
160x_2025-05-15_02-05-00.tif,160,160x,5,0,2560,0.34560013,0.5375556945800781,0.6636886596679688
160x_2025-05-15_02-05-00.tif,160,160x,6,0,3072,0.38965607,0.5295066833496094,0.5886116027832031
160x_2025-05-15_02-05-00.tif,160,160x,7,512,0,0.28817368,0.5545883178710938,0.6873664855957031
160x_2025-05-15_02-05-00.tif,160,160x,8,512,512,0.25078583,0.5678863525390625,0.7104072570800781
160x_2025-05-15_02-05-00.tif,160,160x,9,512,1024,0.21327591,0.5837135314941406,0.7256889343261719
160x_2025-05-15_02-05-00.tif,160,160x,10,512,1536,0.23557281,0.5568580627441406,0.708770751953125
160x_2025-05-15_02-05-00.tif,160,160x,11,512,2048,0.26623154,0.5441360473632812,0.692901611328125
160x_2025-05-15_02-05-00.tif,160,160x,12,512,2560,0.31155396,0.5344123840332031,0.6663742065429688
160x_2025-05-15_02-05-00.tif,160,160x,13,512,3072,0.43458176,0.5083541870117188,0.6020965576171875
160x_2025-05-15_02-05-00.tif,160,160x,14,1024,0,0.2674942,0.5608062744140625,0.6923103332519531
160x_2025-05-15_02-05-00.tif,160,160x,15,1024,512,0.24282837,0.5837898254394531,0.7062835693359375
160x_2025-05-15_02-05-00.tif,160,160x,16,1024,1024,0.23087692,0.5784187316894531,0.711212158203125
160x_2025-05-15_02-05-00.tif,160,160x,17,1024,1536,0.21796036,0.5699691772460938,0.7108116149902344
160x_2025-05-15_02-05-00.tif,160,160x,18,1024,2048,0.24879074,0.5494461059570312,0.690765380859375
160x_2025-05-15_02-05-00.tif,160,160x,19,1024,2560,0.26600266,0.5443038940429688,0.6785011291503906
160x_2025-05-15_02-05-00.tif,160,160x,20,1024,3072,0.38524246,0.5144424438476562,0.6079597473144531
160x_2025-05-15_02-05-00.tif,160,160x,21,1536,0,0.27560043,0.5520286560058594,0.6809158325195312
160x_2025-05-15_02-05-00.tif,160,160x,22,1536,512,0.2365036,0.5787086486816406,0.7044219970703125
160x_2025-05-15_02-05-00.tif,160,160x,23,1536,1024,0.2250557,0.5816230773925781,0.7093849182128906
160x_2025-05-15_02-05-00.tif,160,160x,24,1536,1536,0.22227097,0.5761756896972656,0.7066459655761719
160x_2025-05-15_02-05-00.tif,160,160x,25,1536,2048,0.2229805,0.57806396484375,0.6944999694824219
160x_2025-05-15_02-05-00.tif,160,160x,26,1536,2560,0.25394058,0.5623283386230469,0.6752243041992188
160x_2025-05-15_02-05-00.tif,160,160x,27,1536,3072,0.3690071,0.5144729614257812,0.6109237670898438
20x_2025-05-15_02-05-00.tif,20,20x,0,0,0,0.8110161,0.3915596008300781,0.4254341125488281
20x_2025-05-15_02-05-00.tif,20,20x,1,0,512,0.8181839,0.35816192626953125,0.423187255859375
20x_2025-05-15_02-05-00.tif,20,20x,2,0,1024,0.8202095,0.3615379333496094,0.4322166442871094
20x_2025-05-15_02-05-00.tif,20,20x,3,0,1536,0.8090172,0.3829193115234375,0.4316368103027344
20x_2025-05-15_02-05-00.tif,20,20x,4,0,2048,0.7991257,0.389739990234375,0.4258232116699219
20x_2025-05-15_02-05-00.tif,20,20x,5,0,2560,0.80747604,0.40821075439453125,0.40584564208984375
20x_2025-05-15_02-05-00.tif,20,20x,6,0,3072,0.76146317,0.4478759765625,0.4216804504394531
20x_2025-05-15_02-05-00.tif,20,20x,7,512,0,0.8030586,0.3832206726074219,0.4414520263671875
20x_2025-05-15_02-05-00.tif,20,20x,8,512,512,0.80524826,0.35913848876953125,0.4453163146972656
20x_2025-05-15_02-05-00.tif,20,20x,9,512,1024,0.80259323,0.35921478271484375,0.4391136169433594
20x_2025-05-15_02-05-00.tif,20,20x,10,512,1536,0.80319977,0.3671455383300781,0.436920166015625
20x_2025-05-15_02-05-00.tif,20,20x,11,512,2048,0.7995453,0.3914527893066406,0.428741455078125
20x_2025-05-15_02-05-00.tif,20,20x,12,512,2560,0.7875595,0.4159507751464844,0.4233207702636719
20x_2025-05-15_02-05-00.tif,20,20x,13,512,3072,0.759346,0.4413337707519531,0.4284095764160156
20x_2025-05-15_02-05-00.tif,20,20x,14,1024,0,0.78673553,0.3905601501464844,0.4546775817871094
20x_2025-05-15_02-05-00.tif,20,20x,15,1024,512,0.789814,0.373565673828125,0.448974609375
20x_2025-05-15_02-05-00.tif,20,20x,16,1024,1024,0.7923317,0.3659400939941406,0.44536590576171875
20x_2025-05-15_02-05-00.tif,20,20x,17,1024,1536,0.7979927,0.37119293212890625,0.42565155029296875
20x_2025-05-15_02-05-00.tif,20,20x,18,1024,2048,0.78697586,0.393463134765625,0.43131256103515625
20x_2025-05-15_02-05-00.tif,20,20x,19,1024,2560,0.7719574,0.4196434020996094,0.440185546875
20x_2025-05-15_02-05-00.tif,20,20x,20,1024,3072,0.7504463,0.44306182861328125,0.43970489501953125
20x_2025-05-15_02-05-00.tif,20,20x,21,1536,0,0.76849747,0.4141693115234375,0.4525566101074219
20x_2025-05-15_02-05-00.tif,20,20x,22,1536,512,0.753273,0.3941650390625,0.4624061584472656
20x_2025-05-15_02-05-00.tif,20,20x,23,1536,1024,0.76804733,0.3790283203125,0.4502716064453125
20x_2025-05-15_02-05-00.tif,20,20x,24,1536,1536,0.77160263,0.38562774658203125,0.4439125061035156
20x_2025-05-15_02-05-00.tif,20,20x,25,1536,2048,0.7522354,0.4091911315917969,0.45908355712890625
20x_2025-05-15_02-05-00.tif,20,20x,26,1536,2560,0.7394638,0.43210601806640625,0.45732879638671875
20x_2025-05-15_02-05-00.tif,20,20x,27,1536,3072,0.7160988,0.46164703369140625,0.4566993713378906
2560x_2025-05-16_00-59-00_002.tif,2560,2560x,0,0,0,0.0055236816,0.9825515747070312,0.6962051391601562
2560x_2025-05-16_00-59-00_002.tif,2560,2560x,1,0,512,0.0026893616,0.693328857421875,0.5085182189941406
2560x_2025-05-16_00-59-00_002.tif,2560,2560x,2,0,1024,0.0026741028,0.7197074890136719,0.5075416564941406
2560x_2025-05-16_00-59-00_002.tif,2560,2560x,3,0,1536,0.003353119,0.9650955200195312,0.6038551330566406
2560x_2025-05-16_00-59-00_002.tif,2560,2560x,4,0,2048,0.0035209656,0.7379493713378906,0.5963706970214844
2560x_2025-05-16_00-59-00_002.tif,2560,2560x,5,0,2560,0.0021400452,0.6315803527832031,0.5120277404785156
2560x_2025-05-16_00-59-00_002.tif,2560,2560x,6,0,3072,0.002708435,0.5997657775878906,0.7222671508789062
2560x_2025-05-16_00-59-00_002.tif,2560,2560x,7,512,0,0.003025055,0.7195281982421875,0.5249481201171875
2560x_2025-05-16_00-59-00_002.tif,2560,2560x,8,512,512,0.0027313232,0.7230186462402344,0.6148757934570312
2560x_2025-05-16_00-59-00_002.tif,2560,2560x,9,512,1024,0.0029029846,0.6559524536132812,0.4841804504394531
2560x_2025-05-16_00-59-00_002.tif,2560,2560x,10,512,1536,0.002670288,0.7905426025390625,0.4873085021972656
2560x_2025-05-16_00-59-00_002.tif,2560,2560x,11,512,2048,0.0015296936,0.7366828918457031,0.5883750915527344
2560x_2025-05-16_00-59-00_002.tif,2560,2560x,12,512,2560,0.0032806396,0.7419815063476562,0.6074371337890625
2560x_2025-05-16_00-59-00_002.tif,2560,2560x,13,512,3072,0.0035133362,0.6549224853515625,0.5308341979980469
2560x_2025-05-16_00-59-00_002.tif,2560,2560x,14,1024,0,0.0034370422,0.7365531921386719,0.5844268798828125
2560x_2025-05-16_00-59-00_002.tif,2560,2560x,15,1024,512,0.0015106201,0.65936279296875,0.491455078125
2560x_2025-05-16_00-59-00_002.tif,2560,2560x,16,1024,1024,0.0021438599,0.7410659790039062,0.5646438598632812
2560x_2025-05-16_00-59-00_002.tif,2560,2560x,17,1024,1536,0.0038490295,0.7199592590332031,0.48128509521484375
2560x_2025-05-16_00-59-00_002.tif,2560,2560x,18,1024,2048,0.003162384,0.8096084594726562,0.604156494140625
2560x_2025-05-16_00-59-00_002.tif,2560,2560x,19,1024,2560,0.0033950806,0.9630241394042969,0.5089340209960938
2560x_2025-05-16_00-59-00_002.tif,2560,2560x,20,1024,3072,0.0040359497,0.7752876281738281,0.5638427734375
2560x_2025-05-16_00-59-00_002.tif,2560,2560x,21,1536,0,0.0022506714,0.7332572937011719,0.5415000915527344
2560x_2025-05-16_00-59-00_002.tif,2560,2560x,22,1536,512,0.0028419495,0.7239151000976562,0.5524749755859375
2560x_2025-05-16_00-59-00_002.tif,2560,2560x,23,1536,1024,0.0012130737,0.6512985229492188,0.5008811950683594
2560x_2025-05-16_00-59-00_002.tif,2560,2560x,24,1536,1536,0.0018920898,0.6945838928222656,0.5541458129882812
2560x_2025-05-16_00-59-00_002.tif,2560,2560x,25,1536,2048,0.002735138,0.684051513671875,0.4824676513671875
2560x_2025-05-16_00-59-00_002.tif,2560,2560x,26,1536,2560,0.0039520264,0.7394447326660156,0.5769615173339844
2560x_2025-05-16_00-59-00_002.tif,2560,2560x,27,1536,3072,0.0031547546,0.80792236328125,0.6100540161132812
320x_2025-05-15_02-05-00.tif,320,320x,0,0,0,0.17082596,0.677978515625,0.7427825927734375
320x_2025-05-15_02-05-00.tif,320,320x,1,0,512,0.11412048,0.7237739562988281,0.8281745910644531
320x_2025-05-15_02-05-00.tif,320,320x,2,0,1024,0.112716675,0.7220802307128906,0.8265342712402344
320x_2025-05-15_02-05-00.tif,320,320x,3,0,1536,0.10053635,0.7469673156738281,0.8389663696289062
320x_2025-05-15_02-05-00.tif,320,320x,4,0,2048,0.09215164,0.7801628112792969,0.8495101928710938
320x_2025-05-15_02-05-00.tif,320,320x,5,0,2560,0.09078598,0.77813720703125,0.8481025695800781
320x_2025-05-15_02-05-00.tif,320,320x,6,0,3072,0.09902191,0.7657928466796875,0.7250709533691406
320x_2025-05-15_02-05-00.tif,320,320x,7,512,0,0.13254547,0.7143096923828125,0.793548583984375
320x_2025-05-15_02-05-00.tif,320,320x,8,512,512,0.10512161,0.7257423400878906,0.8281288146972656
320x_2025-05-15_02-05-00.tif,320,320x,9,512,1024,0.096637726,0.7239151000976562,0.8358688354492188
320x_2025-05-15_02-05-00.tif,320,320x,10,512,1536,0.085357666,0.7342453002929688,0.8479690551757812
320x_2025-05-15_02-05-00.tif,320,320x,11,512,2048,0.08862686,0.7422370910644531,0.8457412719726562
320x_2025-05-15_02-05-00.tif,320,320x,12,512,2560,0.083805084,0.7719345092773438,0.850006103515625
320x_2025-05-15_02-05-00.tif,320,320x,13,512,3072,0.08831787,0.7787628173828125,0.8394889831542969
320x_2025-05-15_02-05-00.tif,320,320x,14,1024,0,0.12067795,0.7091255187988281,0.7888717651367188
320x_2025-05-15_02-05-00.tif,320,320x,15,1024,512,0.093803406,0.7332191467285156,0.8364105224609375
320x_2025-05-15_02-05-00.tif,320,320x,16,1024,1024,0.083789825,0.73260498046875,0.8415260314941406
320x_2025-05-15_02-05-00.tif,320,320x,17,1024,1536,0.07745743,0.7474021911621094,0.851348876953125
320x_2025-05-15_02-05-00.tif,320,320x,18,1024,2048,0.075984955,0.7550048828125,0.8507804870605469
320x_2025-05-15_02-05-00.tif,320,320x,19,1024,2560,0.06952667,0.7689971923828125,0.8611106872558594
320x_2025-05-15_02-05-00.tif,320,320x,20,1024,3072,0.0838356,0.7691879272460938,0.8420639038085938
320x_2025-05-15_02-05-00.tif,320,320x,21,1536,0,0.12933731,0.6833381652832031,0.6761550903320312
320x_2025-05-15_02-05-00.tif,320,320x,22,1536,512,0.097724915,0.7205390930175781,0.8254165649414062
320x_2025-05-15_02-05-00.tif,320,320x,23,1536,1024,0.09103775,0.7233772277832031,0.8291740417480469
320x_2025-05-15_02-05-00.tif,320,320x,24,1536,1536,0.078567505,0.7392349243164062,0.8422203063964844
320x_2025-05-15_02-05-00.tif,320,320x,25,1536,2048,0.08644867,0.7319412231445312,0.8309402465820312
320x_2025-05-15_02-05-00.tif,320,320x,26,1536,2560,0.07731247,0.7600021362304688,0.8445549011230469
320x_2025-05-15_02-05-00.tif,320,320x,27,1536,3072,0.09492493,0.7353515625,0.8242988586425781
5120x_2025-05-16_00-59-00_002.tif,5120,5120x,0,0,0,0.0075531006,0.9331207275390625,0.651580810546875
5120x_2025-05-16_00-59-00_002.tif,5120,5120x,1,0,512,0.005001068,0.9876289367675781,0.5965995788574219
5120x_2025-05-16_00-59-00_002.tif,5120,5120x,2,0,1024,0.0046577454,0.8005409240722656,0.5187225341796875
5120x_2025-05-16_00-59-00_002.tif,5120,5120x,3,0,1536,0.0052108765,0.956878662109375,0.5730247497558594
5120x_2025-05-16_00-59-00_002.tif,5120,5120x,4,0,2048,0.003768921,0.8130378723144531,0.6719245910644531
5120x_2025-05-16_00-59-00_002.tif,5120,5120x,5,0,2560,0.0028800964,0.7034645080566406,0.5486984252929688
5120x_2025-05-16_00-59-00_002.tif,5120,5120x,6,0,3072,0.0037384033,0.6563262939453125,0.65826416015625
5120x_2025-05-16_00-59-00_002.tif,5120,5120x,7,512,0,0.011577606,0.8937187194824219,0.6975555419921875
5120x_2025-05-16_00-59-00_002.tif,5120,5120x,8,512,512,0.005126953,0.8506355285644531,0.5931243896484375
5120x_2025-05-16_00-59-00_002.tif,5120,5120x,9,512,1024,0.0055656433,0.9833793640136719,0.6010551452636719
5120x_2025-05-16_00-59-00_002.tif,5120,5120x,10,512,1536,0.0062561035,0.9580268859863281,0.5430870056152344
5120x_2025-05-16_00-59-00_002.tif,5120,5120x,11,512,2048,0.005859375,0.9614982604980469,0.6318588256835938
5120x_2025-05-16_00-59-00_002.tif,5120,5120x,12,512,2560,0.0053634644,0.9591827392578125,0.7315635681152344
5120x_2025-05-16_00-59-00_002.tif,5120,5120x,13,512,3072,0.0047683716,0.7583885192871094,0.5884552001953125
5120x_2025-05-16_00-59-00_002.tif,5120,5120x,14,1024,0,0.008865356,0.8085556030273438,0.6348991394042969
5120x_2025-05-16_00-59-00_002.tif,5120,5120x,15,1024,512,0.007499695,0.9011878967285156,0.6108207702636719
5120x_2025-05-16_00-59-00_002.tif,5120,5120x,16,1024,1024,0.0065345764,0.9521484375,0.5489959716796875
5120x_2025-05-16_00-59-00_002.tif,5120,5120x,17,1024,1536,0.0058898926,0.9709701538085938,0.6000862121582031
5120x_2025-05-16_00-59-00_002.tif,5120,5120x,18,1024,2048,0.0048103333,0.9337081909179688,0.6453475952148438
5120x_2025-05-16_00-59-00_002.tif,5120,5120x,19,1024,2560,0.005104065,0.9522132873535156,0.5206336975097656
5120x_2025-05-16_00-59-00_002.tif,5120,5120x,20,1024,3072,0.004135132,0.8773269653320312,0.5990676879882812
5120x_2025-05-16_00-59-00_002.tif,5120,5120x,21,1536,0,0.008289337,0.7985572814941406,0.658966064453125
5120x_2025-05-16_00-59-00_002.tif,5120,5120x,22,1536,512,0.007637024,0.8291969299316406,0.6242446899414062
5120x_2025-05-16_00-59-00_002.tif,5120,5120x,23,1536,1024,0.0061531067,0.9031486511230469,0.6119842529296875
5120x_2025-05-16_00-59-00_002.tif,5120,5120x,24,1536,1536,0.008934021,0.9470176696777344,0.6188621520996094
5120x_2025-05-16_00-59-00_002.tif,5120,5120x,25,1536,2048,0.0061187744,0.9742889404296875,0.5949172973632812
5120x_2025-05-16_00-59-00_002.tif,5120,5120x,26,1536,2560,0.005470276,0.9490203857421875,0.5536155700683594
5120x_2025-05-16_00-59-00_002.tif,5120,5120x,27,1536,3072,0.0061798096,0.9161262512207031,0.5845222473144531
640x_2025-05-16_00-59-00_002.tif,640,640x,0,0,0,0.08602905,0.7718124389648438,0.8482208251953125
640x_2025-05-16_00-59-00_002.tif,640,640x,1,0,512,0.07746887,0.8207359313964844,0.8629798889160156
640x_2025-05-16_00-59-00_002.tif,640,640x,2,0,1024,0.056316376,0.8652725219726562,0.8998985290527344
640x_2025-05-16_00-59-00_002.tif,640,640x,3,0,1536,0.04889679,0.8884925842285156,0.9054794311523438
640x_2025-05-16_00-59-00_002.tif,640,640x,4,0,2048,0.043567657,0.8960914611816406,0.89068603515625
640x_2025-05-16_00-59-00_002.tif,640,640x,5,0,2560,0.03834915,0.8852195739746094,0.8758201599121094
640x_2025-05-16_00-59-00_002.tif,640,640x,6,0,3072,0.030887604,0.867523193359375,0.8126068115234375
640x_2025-05-16_00-59-00_002.tif,640,640x,7,512,0,0.07864761,0.7744522094726562,0.8721084594726562
640x_2025-05-16_00-59-00_002.tif,640,640x,8,512,512,0.059509277,0.8215141296386719,0.8876609802246094
640x_2025-05-16_00-59-00_002.tif,640,640x,9,512,1024,0.042907715,0.8707618713378906,0.9017677307128906
640x_2025-05-16_00-59-00_002.tif,640,640x,10,512,1536,0.04039383,0.8838996887207031,0.91888427734375
640x_2025-05-16_00-59-00_002.tif,640,640x,11,512,2048,0.034687042,0.9125938415527344,0.9177017211914062
640x_2025-05-16_00-59-00_002.tif,640,640x,12,512,2560,0.04102707,0.8971939086914062,0.8980178833007812
640x_2025-05-16_00-59-00_002.tif,640,640x,13,512,3072,0.0410347,0.879974365234375,0.8690605163574219
640x_2025-05-16_00-59-00_002.tif,640,640x,14,1024,0,0.07449341,0.7618293762207031,0.873138427734375
640x_2025-05-16_00-59-00_002.tif,640,640x,15,1024,512,0.046215057,0.8304252624511719,0.906524658203125
640x_2025-05-16_00-59-00_002.tif,640,640x,16,1024,1024,0.035736084,0.8678398132324219,0.9079551696777344
640x_2025-05-16_00-59-00_002.tif,640,640x,17,1024,1536,0.025856018,0.9119491577148438,0.9282379150390625
640x_2025-05-16_00-59-00_002.tif,640,640x,18,1024,2048,0.025707245,0.9076194763183594,0.916290283203125
640x_2025-05-16_00-59-00_002.tif,640,640x,19,1024,2560,0.03100586,0.9118537902832031,0.9241523742675781
640x_2025-05-16_00-59-00_002.tif,640,640x,20,1024,3072,0.050430298,0.8717117309570312,0.8766021728515625
640x_2025-05-16_00-59-00_002.tif,640,640x,21,1536,0,0.0703125,0.7453498840332031,0.8790512084960938
640x_2025-05-16_00-59-00_002.tif,640,640x,22,1536,512,0.050460815,0.7977409362792969,0.9023590087890625
640x_2025-05-16_00-59-00_002.tif,640,640x,23,1536,1024,0.036128998,0.8447837829589844,0.9116630554199219
640x_2025-05-16_00-59-00_002.tif,640,640x,24,1536,1536,0.031772614,0.8944511413574219,0.9259719848632812
640x_2025-05-16_00-59-00_002.tif,640,640x,25,1536,2048,0.025585175,0.9114723205566406,0.9210319519042969
640x_2025-05-16_00-59-00_002.tif,640,640x,26,1536,2560,0.03848648,0.8839797973632812,0.9059982299804688
640x_2025-05-16_00-59-00_002.tif,640,640x,27,1536,3072,0.05588913,0.8524513244628906,0.8780555725097656
80x_2_2025-05-22_14-48-00.tif,80,80x,0,0,0,0.62789917,0.4851951599121094,0.5453681945800781
80x_2_2025-05-22_14-48-00.tif,80,80x,1,0,512,0.6181526,0.48541259765625,0.5514717102050781
80x_2_2025-05-22_14-48-00.tif,80,80x,2,0,1024,0.6026459,0.48482513427734375,0.5461273193359375
80x_2_2025-05-22_14-48-00.tif,80,80x,3,0,1536,0.6037941,0.4870758056640625,0.54132080078125
80x_2_2025-05-22_14-48-00.tif,80,80x,4,0,2048,0.58683395,0.491668701171875,0.5490951538085938
80x_2_2025-05-22_14-48-00.tif,80,80x,5,0,2560,0.59129715,0.4954795837402344,0.5489959716796875
80x_2_2025-05-22_14-48-00.tif,80,80x,6,0,3072,0.5871086,0.4941558837890625,0.5452728271484375
80x_2_2025-05-22_14-48-00.tif,80,80x,7,512,0,0.60705185,0.4861869812011719,0.5427207946777344
80x_2_2025-05-22_14-48-00.tif,80,80x,8,512,512,0.5645561,0.4915962219238281,0.557861328125
80x_2_2025-05-22_14-48-00.tif,80,80x,9,512,1024,0.5598068,0.4922676086425781,0.5547294616699219
80x_2_2025-05-22_14-48-00.tif,80,80x,10,512,1536,0.5509834,0.49493408203125,0.553741455078125
80x_2_2025-05-22_14-48-00.tif,80,80x,11,512,2048,0.5605774,0.4965248107910156,0.5446929931640625
80x_2_2025-05-22_14-48-00.tif,80,80x,12,512,2560,0.5431061,0.4984550476074219,0.5563774108886719
80x_2_2025-05-22_14-48-00.tif,80,80x,13,512,3072,0.5321007,0.50018310546875,0.5635643005371094
80x_2_2025-05-22_14-48-00.tif,80,80x,14,1024,0,0.5649338,0.4928855895996094,0.5574874877929688
80x_2_2025-05-22_14-48-00.tif,80,80x,15,1024,512,0.55841446,0.49388885498046875,0.5540962219238281
80x_2_2025-05-22_14-48-00.tif,80,80x,16,1024,1024,0.5173874,0.5009880065917969,0.5639266967773438
80x_2_2025-05-22_14-48-00.tif,80,80x,17,1024,1536,0.52305603,0.4981231689453125,0.560302734375
80x_2_2025-05-22_14-48-00.tif,80,80x,18,1024,2048,0.51436234,0.5005760192871094,0.557830810546875
80x_2_2025-05-22_14-48-00.tif,80,80x,19,1024,2560,0.5354271,0.4996147155761719,0.5404052734375
80x_2_2025-05-22_14-48-00.tif,80,80x,20,1024,3072,0.50541687,0.49777984619140625,0.5575599670410156
80x_2_2025-05-22_14-48-00.tif,80,80x,21,1536,0,0.54712677,0.4964408874511719,0.5518684387207031
80x_2_2025-05-22_14-48-00.tif,80,80x,22,1536,512,0.53247833,0.4959297180175781,0.5531005859375
80x_2_2025-05-22_14-48-00.tif,80,80x,23,1536,1024,0.5112915,0.5000038146972656,0.5555763244628906
80x_2_2025-05-22_14-48-00.tif,80,80x,24,1536,1536,0.49927902,0.5018157958984375,0.5606155395507812
80x_2_2025-05-22_14-48-00.tif,80,80x,25,1536,2048,0.50193405,0.49921417236328125,0.55194091796875
80x_2_2025-05-22_14-48-00.tif,80,80x,26,1536,2560,0.48913193,0.5002593994140625,0.554107666015625
80x_2_2025-05-22_14-48-00.tif,80,80x,27,1536,3072,0.49741745,0.49977874755859375,0.5423851013183594
