epoch,train_loss,train_iou,val_loss,val_iou,lr
1,0.08005856461822987,0.21749956468120218,0.05577574819326401,0.013676045648753642,0.001
2,0.04387502716854215,0.3581315703690052,0.03519585132598877,0.6086403906345368,0.001
3,0.03333991803228855,0.3440508063882589,0.032294747233390805,0.6580556988716125,0.001
4,0.027598750218749045,0.41742804609239104,0.020670910738408564,0.44401185512542723,0.001
5,0.025872681103646756,0.4097876857034862,0.018346429988741874,0.6190089404582977,0.001
6,0.024407240794971585,0.4125095970928669,0.017564209923148156,0.41446407437324523,0.001
7,0.024433257663622497,0.4638210341334343,0.017052564211189745,0.6461232125759124,0.001
8,0.023021654319018127,0.4206585604697466,0.016362097486853598,0.5400458157062531,0.001
9,0.021053300984203816,0.5170172736048698,0.016781004145741463,0.5334987699985504,0.001
10,0.021318337135016917,0.4806627810001373,0.024531268700957298,0.36805819869041445,0.001
11,0.018563500512391327,0.5723710626363754,0.014198707416653633,0.6453259348869324,0.001
12,0.01854918128810823,0.5504237711429596,0.014756773412227631,0.5471728533506394,0.001
13,0.018679527472704648,0.5214658454060555,0.013970649242401123,0.5722513139247895,0.001
14,0.018322047498077153,0.5368726864457131,0.015161783806979657,0.5154845386743545,0.001
15,0.01865932052023709,0.504357273504138,0.01573333777487278,0.41116744577884673,0.001
16,0.017235045600682498,0.5536394260823727,0.013099501840770245,0.6169669687747955,0.001
17,0.017415181850083172,0.5405969485640526,0.013860747776925563,0.6452811241149903,0.001
18,0.017024823976680637,0.5446743488311767,0.013580819312483072,0.6003617763519287,0.001
19,0.01615171553567052,0.5572982639074325,0.013715863786637783,0.5973199069499969,0.001
20,0.023743790574371815,0.37888110242784023,0.01844441443681717,0.36145404875278475,0.001
21,0.01797554111108184,0.5151219740509987,0.013393511436879635,0.5893832564353942,0.001
22,0.017771263839676976,0.584049391746521,0.012276864424347878,0.6661101698875427,0.001
23,0.017882195999845862,0.527716513723135,0.011720771063119173,0.6470747590065002,0.001
24,0.015612035524100065,0.5855309054255485,0.01214519003406167,0.660233736038208,0.001
25,0.014605917129665613,0.5712827812880278,0.012020470015704632,0.6657374262809753,0.001
26,0.014181259088218212,0.6082447648048401,0.01144785126671195,0.6137040019035339,0.001
27,0.017097664601169526,0.519184260815382,0.012035095412284137,0.5766262233257293,0.001
28,0.017816336173564196,0.5184737570583821,0.014082799851894378,0.6840679585933686,0.001
29,0.0158873051404953,0.5476182587444782,0.011970826610922813,0.6146353662014008,0.001
30,0.01488032010383904,0.6092452488839626,0.011098984349519014,0.6779129385948182,0.001
31,0.015412157634273171,0.515943492949009,0.01198518080636859,0.5985095083713532,0.001
32,0.016366722388193013,0.5251921057701111,0.012879967782646417,0.6991310298442841,0.001
33,0.012714096996933221,0.6338680543005466,0.011079674866050482,0.6395256042480468,0.001
34,0.01394274183548987,0.6139755055308342,0.011210717353969812,0.5679902464151383,0.001
35,0.01569364930037409,0.49190031439065934,0.011230616737157107,0.5745704263448715,0.001
36,0.014022104162722825,0.5916332349181175,0.011059014033526183,0.694458681344986,0.001
37,0.014305362431332468,0.6102254524827003,0.011125619709491729,0.6754333198070526,0.001
38,0.013503961090464145,0.6231734670698643,0.010547320917248726,0.6158917486667633,0.001
39,0.012264696694910527,0.6488654166460037,0.010185771156102419,0.6505694508552551,0.001
40,0.011933626350946724,0.6178936935961247,0.010968645755201577,0.5592047423124313,0.001
41,0.012056401907466352,0.587957389652729,0.010138302203267812,0.6763771831989288,0.001
42,0.012461699335835874,0.5988623715937138,0.010029296297580004,0.6552450239658356,0.001
43,0.012297840800601988,0.6470135904848575,0.010125803016126155,0.6242732405662537,0.001
44,0.012346441904082895,0.6459768280386925,0.010396962892264128,0.6325307130813599,0.001
45,0.01429126167204231,0.5945403404533863,0.01014316938817501,0.6420188188552857,0.001
46,0.011874832049943506,0.5688054986298084,0.010284839384257793,0.633205908536911,0.001
47,0.011560148652642965,0.6576054058969021,0.010285124648362398,0.6199637830257416,0.001
48,0.011598150245845318,0.6033539168536663,0.009866258502006531,0.6137090027332306,0.001
49,0.012908427556976677,0.5113514851778745,0.010344671737402677,0.7100147604942322,0.001
50,0.012004045385401696,0.6315296292304993,0.010900941211730242,0.5536151677370071,0.001
51,0.01150752413086593,0.5804945223033429,0.009946326725184917,0.6276832759380341,0.001
52,0.011632969998754562,0.6154402248561383,0.013121229130774736,0.4615198165178299,0.001
53,0.012136942334473133,0.5529574871063232,0.010519953723996878,0.6811926007270813,0.001
54,0.012089232890866696,0.5006483919918537,0.011270443350076676,0.6014212250709534,0.001
55,0.012918668542988598,0.5559792183339596,0.009538390673696995,0.6648013174533844,0.001
56,0.013121866714209318,0.6003819949924946,0.010218849498778581,0.5425477832555771,0.001
57,0.011766212224029005,0.5391846559941769,0.010145180765539408,0.6161886036396027,0.001
58,0.011806406313553452,0.613532891124487,0.010379135329276323,0.5852101892232895,0.001
59,0.011542714794632047,0.5645992912352085,0.00946424826979637,0.6257017433643342,0.001
60,0.01174320641439408,0.5907276168465614,0.010075094830244779,0.6095845818519592,0.001
61,0.011790426657535135,0.5807702803984285,0.010210898239165545,0.7006679356098175,0.001
62,0.011656073667109013,0.5546721193939448,0.009553147293627263,0.6972072422504425,0.001
63,0.012005473382305353,0.5763167936354876,0.00961588667705655,0.6503085374832154,0.001
64,0.011240723181981594,0.5949444383382797,0.009355338290333748,0.6866990923881531,0.001
65,0.01150489949504845,0.6417850434780121,0.009306974243372679,0.6379810392856597,0.001
66,0.010922248149290681,0.6282424420118332,0.00964988935738802,0.6520656049251556,0.001
67,0.014546047151088714,0.5700946412980556,0.012770893145352602,0.5188305914402008,0.001
68,0.01490479134954512,0.6027683857828379,0.012141842395067215,0.5732986152172088,0.001
69,0.016493376903235914,0.545021541044116,0.012997186370193958,0.6338034927845001,0.001
