image,dilution_factor,tile_idx,method,foreground_pct
10240x_2560x_2025-05-16_00-59-00_002,40,0,unet,0.0
10240x_2560x_2025-05-16_00-59-00_002,40,0,resunet,0.0
10240x_2560x_2025-05-16_00-59-00_002,40,0,attention_resunet,0.0
10240x_2560x_2025-05-16_00-59-00_002,40,0,clahe_otsu,15.142822265625
10240x_2560x_2025-05-16_00-59-00_002,40,1,unet,0.0
10240x_2560x_2025-05-16_00-59-00_002,40,1,resunet,0.0
10240x_2560x_2025-05-16_00-59-00_002,40,1,attention_resunet,0.0
10240x_2560x_2025-05-16_00-59-00_002,40,1,clahe_otsu,27.423858642578125
10240x_2560x_2025-05-16_00-59-00_002,40,2,unet,8.826828002929688
10240x_2560x_2025-05-16_00-59-00_002,40,2,resunet,18.022918701171875
10240x_2560x_2025-05-16_00-59-00_002,40,2,attention_resunet,5.414581298828125
10240x_2560x_2025-05-16_00-59-00_002,40,2,clahe_otsu,3.0246734619140625
10240x_2560x_2025-05-16_00-59-00_002,40,3,unet,87.33062744140625
10240x_2560x_2025-05-16_00-59-00_002,40,3,resunet,95.82786560058594
10240x_2560x_2025-05-16_00-59-00_002,40,3,attention_resunet,53.82575988769531
10240x_2560x_2025-05-16_00-59-00_002,40,3,clahe_otsu,3.2176971435546875
10240x_2560x_2025-05-16_00-59-00_002,40,4,unet,99.90005493164062
10240x_2560x_2025-05-16_00-59-00_002,40,4,resunet,99.99427795410156
10240x_2560x_2025-05-16_00-59-00_002,40,4,attention_resunet,81.07833862304688
10240x_2560x_2025-05-16_00-59-00_002,40,4,clahe_otsu,24.993515014648438
10240x_2560x_2025-05-16_00-59-00_002,40,5,unet,99.57160949707031
10240x_2560x_2025-05-16_00-59-00_002,40,5,resunet,98.67324829101562
10240x_2560x_2025-05-16_00-59-00_002,40,5,attention_resunet,89.56184387207031
10240x_2560x_2025-05-16_00-59-00_002,40,5,clahe_otsu,33.57086181640625
10240x_2560x_2025-05-16_00-59-00_002,40,6,unet,89.70680236816406
10240x_2560x_2025-05-16_00-59-00_002,40,6,resunet,57.038116455078125
10240x_2560x_2025-05-16_00-59-00_002,40,6,attention_resunet,29.944610595703125
10240x_2560x_2025-05-16_00-59-00_002,40,6,clahe_otsu,29.181671142578125
10240x_2560x_2025-05-16_00-59-00_002,40,7,unet,0.0
10240x_2560x_2025-05-16_00-59-00_002,40,7,resunet,0.0
10240x_2560x_2025-05-16_00-59-00_002,40,7,attention_resunet,0.0
10240x_2560x_2025-05-16_00-59-00_002,40,7,clahe_otsu,24.64447021484375
10240x_2560x_2025-05-16_00-59-00_002,40,8,unet,0.0
10240x_2560x_2025-05-16_00-59-00_002,40,8,resunet,0.0
10240x_2560x_2025-05-16_00-59-00_002,40,8,attention_resunet,0.0
10240x_2560x_2025-05-16_00-59-00_002,40,8,clahe_otsu,21.074295043945312
10240x_2560x_2025-05-16_00-59-00_002,40,9,unet,0.0
10240x_2560x_2025-05-16_00-59-00_002,40,9,resunet,0.0
10240x_2560x_2025-05-16_00-59-00_002,40,9,attention_resunet,0.0
10240x_2560x_2025-05-16_00-59-00_002,40,9,clahe_otsu,2.8400421142578125
10240x_2560x_2025-05-16_00-59-00_002,40,10,unet,30.064773559570312
10240x_2560x_2025-05-16_00-59-00_002,40,10,resunet,39.04151916503906
10240x_2560x_2025-05-16_00-59-00_002,40,10,attention_resunet,15.219497680664062
10240x_2560x_2025-05-16_00-59-00_002,40,10,clahe_otsu,2.9903411865234375
10240x_2560x_2025-05-16_00-59-00_002,40,11,unet,95.25489807128906
10240x_2560x_2025-05-16_00-59-00_002,40,11,resunet,99.76959228515625
10240x_2560x_2025-05-16_00-59-00_002,40,11,attention_resunet,51.34735107421875
10240x_2560x_2025-05-16_00-59-00_002,40,11,clahe_otsu,2.9735565185546875
10240x_2560x_2025-05-16_00-59-00_002,40,12,unet,99.86228942871094
10240x_2560x_2025-05-16_00-59-00_002,40,12,resunet,99.945068359375
10240x_2560x_2025-05-16_00-59-00_002,40,12,attention_resunet,85.82344055175781
10240x_2560x_2025-05-16_00-59-00_002,40,12,clahe_otsu,5.9356689453125
10240x_2560x_2025-05-16_00-59-00_002,40,13,unet,99.41864013671875
10240x_2560x_2025-05-16_00-59-00_002,40,13,resunet,99.80278015136719
10240x_2560x_2025-05-16_00-59-00_002,40,13,attention_resunet,96.7803955078125
10240x_2560x_2025-05-16_00-59-00_002,40,13,clahe_otsu,33.99200439453125
10240x_2560x_2025-05-16_00-59-00_002,40,14,unet,0.0
10240x_2560x_2025-05-16_00-59-00_002,40,14,resunet,0.0
10240x_2560x_2025-05-16_00-59-00_002,40,14,attention_resunet,0.0
10240x_2560x_2025-05-16_00-59-00_002,40,14,clahe_otsu,3.89556884765625
10240x_2560x_2025-05-16_00-59-00_002,40,15,unet,0.0
10240x_2560x_2025-05-16_00-59-00_002,40,15,resunet,0.0
10240x_2560x_2025-05-16_00-59-00_002,40,15,attention_resunet,0.0
10240x_2560x_2025-05-16_00-59-00_002,40,15,clahe_otsu,2.9529571533203125
10240x_2560x_2025-05-16_00-59-00_002,40,16,unet,0.0
10240x_2560x_2025-05-16_00-59-00_002,40,16,resunet,0.0
10240x_2560x_2025-05-16_00-59-00_002,40,16,attention_resunet,0.0
10240x_2560x_2025-05-16_00-59-00_002,40,16,clahe_otsu,2.490997314453125
10240x_2560x_2025-05-16_00-59-00_002,40,17,unet,1.83868408203125
10240x_2560x_2025-05-16_00-59-00_002,40,17,resunet,2.7935028076171875
10240x_2560x_2025-05-16_00-59-00_002,40,17,attention_resunet,0.237274169921875
10240x_2560x_2025-05-16_00-59-00_002,40,17,clahe_otsu,30.025863647460938
10240x_2560x_2025-05-16_00-59-00_002,40,18,unet,11.937332153320312
10240x_2560x_2025-05-16_00-59-00_002,40,18,resunet,27.4017333984375
10240x_2560x_2025-05-16_00-59-00_002,40,18,attention_resunet,2.21099853515625
10240x_2560x_2025-05-16_00-59-00_002,40,18,clahe_otsu,4.6344757080078125
10240x_2560x_2025-05-16_00-59-00_002,40,19,unet,65.31829833984375
10240x_2560x_2025-05-16_00-59-00_002,40,19,resunet,81.31294250488281
10240x_2560x_2025-05-16_00-59-00_002,40,19,attention_resunet,26.442337036132812
10240x_2560x_2025-05-16_00-59-00_002,40,19,clahe_otsu,3.2100677490234375
10240x_2560x_2025-05-16_00-59-00_002,40,20,unet,99.35302734375
10240x_2560x_2025-05-16_00-59-00_002,40,20,resunet,99.73106384277344
10240x_2560x_2025-05-16_00-59-00_002,40,20,attention_resunet,75.958251953125
10240x_2560x_2025-05-16_00-59-00_002,40,20,clahe_otsu,20.859527587890625
10240x_2560x_2025-05-16_00-59-00_002,40,21,unet,0.0
10240x_2560x_2025-05-16_00-59-00_002,40,21,resunet,0.0
10240x_2560x_2025-05-16_00-59-00_002,40,21,attention_resunet,0.0
10240x_2560x_2025-05-16_00-59-00_002,40,21,clahe_otsu,3.16162109375
10240x_2560x_2025-05-16_00-59-00_002,40,22,unet,0.0
10240x_2560x_2025-05-16_00-59-00_002,40,22,resunet,0.0
10240x_2560x_2025-05-16_00-59-00_002,40,22,attention_resunet,0.0
10240x_2560x_2025-05-16_00-59-00_002,40,22,clahe_otsu,2.6973724365234375
10240x_2560x_2025-05-16_00-59-00_002,40,23,unet,0.0
10240x_2560x_2025-05-16_00-59-00_002,40,23,resunet,0.0
10240x_2560x_2025-05-16_00-59-00_002,40,23,attention_resunet,0.0
10240x_2560x_2025-05-16_00-59-00_002,40,23,clahe_otsu,29.950332641601562
10240x_2560x_2025-05-16_00-59-00_002,40,24,unet,0.0
10240x_2560x_2025-05-16_00-59-00_002,40,24,resunet,0.0
10240x_2560x_2025-05-16_00-59-00_002,40,24,attention_resunet,0.0
10240x_2560x_2025-05-16_00-59-00_002,40,24,clahe_otsu,3.458404541015625
10240x_2560x_2025-05-16_00-59-00_002,40,25,unet,0.0
10240x_2560x_2025-05-16_00-59-00_002,40,25,resunet,0.0
10240x_2560x_2025-05-16_00-59-00_002,40,25,attention_resunet,0.0
10240x_2560x_2025-05-16_00-59-00_002,40,25,clahe_otsu,2.89764404296875
10240x_2560x_2025-05-16_00-59-00_002,40,26,unet,0.0453948974609375
10240x_2560x_2025-05-16_00-59-00_002,40,26,resunet,1.503753662109375
10240x_2560x_2025-05-16_00-59-00_002,40,26,attention_resunet,0.109100341796875
10240x_2560x_2025-05-16_00-59-00_002,40,26,clahe_otsu,3.484344482421875
10240x_2560x_2025-05-16_00-59-00_002,40,27,unet,25.051498413085938
10240x_2560x_2025-05-16_00-59-00_002,40,27,resunet,40.84587097167969
10240x_2560x_2025-05-16_00-59-00_002,40,27,attention_resunet,12.5885009765625
10240x_2560x_2025-05-16_00-59-00_002,40,27,clahe_otsu,4.8248291015625
10x_2025-05-15_02-05-00,10,0,unet,0.0
10x_2025-05-15_02-05-00,10,0,resunet,0.0850677490234375
10x_2025-05-15_02-05-00,10,0,attention_resunet,0.0
10x_2025-05-15_02-05-00,10,0,clahe_otsu,60.08262634277344
10x_2025-05-15_02-05-00,10,1,unet,0.0
10x_2025-05-15_02-05-00,10,1,resunet,0.0
10x_2025-05-15_02-05-00,10,1,attention_resunet,0.0
10x_2025-05-15_02-05-00,10,1,clahe_otsu,63.19732666015625
10x_2025-05-15_02-05-00,10,2,unet,0.0
10x_2025-05-15_02-05-00,10,2,resunet,0.0
10x_2025-05-15_02-05-00,10,2,attention_resunet,0.0
10x_2025-05-15_02-05-00,10,2,clahe_otsu,64.98031616210938
10x_2025-05-15_02-05-00,10,3,unet,0.0
10x_2025-05-15_02-05-00,10,3,resunet,0.0
10x_2025-05-15_02-05-00,10,3,attention_resunet,0.0
10x_2025-05-15_02-05-00,10,3,clahe_otsu,65.14930725097656
10x_2025-05-15_02-05-00,10,4,unet,0.0
10x_2025-05-15_02-05-00,10,4,resunet,0.0
10x_2025-05-15_02-05-00,10,4,attention_resunet,0.0
10x_2025-05-15_02-05-00,10,4,clahe_otsu,66.00265502929688
10x_2025-05-15_02-05-00,10,5,unet,0.0
10x_2025-05-15_02-05-00,10,5,resunet,0.0
10x_2025-05-15_02-05-00,10,5,attention_resunet,0.0
10x_2025-05-15_02-05-00,10,5,clahe_otsu,65.41213989257812
10x_2025-05-15_02-05-00,10,6,unet,0.0
10x_2025-05-15_02-05-00,10,6,resunet,0.0
10x_2025-05-15_02-05-00,10,6,attention_resunet,0.0
10x_2025-05-15_02-05-00,10,6,clahe_otsu,67.24662780761719
10x_2025-05-15_02-05-00,10,7,unet,0.0
10x_2025-05-15_02-05-00,10,7,resunet,0.0
10x_2025-05-15_02-05-00,10,7,attention_resunet,0.0
10x_2025-05-15_02-05-00,10,7,clahe_otsu,61.01112365722656
10x_2025-05-15_02-05-00,10,8,unet,0.0
10x_2025-05-15_02-05-00,10,8,resunet,0.0
10x_2025-05-15_02-05-00,10,8,attention_resunet,0.0
10x_2025-05-15_02-05-00,10,8,clahe_otsu,62.43133544921875
10x_2025-05-15_02-05-00,10,9,unet,0.0
10x_2025-05-15_02-05-00,10,9,resunet,0.0
10x_2025-05-15_02-05-00,10,9,attention_resunet,0.0
10x_2025-05-15_02-05-00,10,9,clahe_otsu,64.64996337890625
10x_2025-05-15_02-05-00,10,10,unet,0.0
10x_2025-05-15_02-05-00,10,10,resunet,0.0
10x_2025-05-15_02-05-00,10,10,attention_resunet,0.0
10x_2025-05-15_02-05-00,10,10,clahe_otsu,66.66069030761719
10x_2025-05-15_02-05-00,10,11,unet,0.0
10x_2025-05-15_02-05-00,10,11,resunet,0.0
10x_2025-05-15_02-05-00,10,11,attention_resunet,0.0
10x_2025-05-15_02-05-00,10,11,clahe_otsu,67.53921508789062
10x_2025-05-15_02-05-00,10,12,unet,0.0
10x_2025-05-15_02-05-00,10,12,resunet,0.0
10x_2025-05-15_02-05-00,10,12,attention_resunet,0.0
10x_2025-05-15_02-05-00,10,12,clahe_otsu,67.69638061523438
10x_2025-05-15_02-05-00,10,13,unet,0.0
10x_2025-05-15_02-05-00,10,13,resunet,0.0
10x_2025-05-15_02-05-00,10,13,attention_resunet,0.0
10x_2025-05-15_02-05-00,10,13,clahe_otsu,67.25120544433594
10x_2025-05-15_02-05-00,10,14,unet,0.0
10x_2025-05-15_02-05-00,10,14,resunet,0.0
10x_2025-05-15_02-05-00,10,14,attention_resunet,0.0
10x_2025-05-15_02-05-00,10,14,clahe_otsu,60.707855224609375
10x_2025-05-15_02-05-00,10,15,unet,0.0
10x_2025-05-15_02-05-00,10,15,resunet,0.0
10x_2025-05-15_02-05-00,10,15,attention_resunet,0.0
10x_2025-05-15_02-05-00,10,15,clahe_otsu,66.47834777832031
10x_2025-05-15_02-05-00,10,16,unet,0.0
10x_2025-05-15_02-05-00,10,16,resunet,0.0
10x_2025-05-15_02-05-00,10,16,attention_resunet,0.0
10x_2025-05-15_02-05-00,10,16,clahe_otsu,64.53437805175781
10x_2025-05-15_02-05-00,10,17,unet,0.0
10x_2025-05-15_02-05-00,10,17,resunet,0.0
10x_2025-05-15_02-05-00,10,17,attention_resunet,0.0
10x_2025-05-15_02-05-00,10,17,clahe_otsu,66.67900085449219
10x_2025-05-15_02-05-00,10,18,unet,0.0
10x_2025-05-15_02-05-00,10,18,resunet,0.0
10x_2025-05-15_02-05-00,10,18,attention_resunet,0.0
10x_2025-05-15_02-05-00,10,18,clahe_otsu,67.54722595214844
10x_2025-05-15_02-05-00,10,19,unet,0.0
10x_2025-05-15_02-05-00,10,19,resunet,0.0
10x_2025-05-15_02-05-00,10,19,attention_resunet,0.0
10x_2025-05-15_02-05-00,10,19,clahe_otsu,68.29910278320312
10x_2025-05-15_02-05-00,10,20,unet,0.0
10x_2025-05-15_02-05-00,10,20,resunet,0.0
10x_2025-05-15_02-05-00,10,20,attention_resunet,0.0
10x_2025-05-15_02-05-00,10,20,clahe_otsu,67.62619018554688
10x_2025-05-15_02-05-00,10,21,unet,0.0
10x_2025-05-15_02-05-00,10,21,resunet,0.0
10x_2025-05-15_02-05-00,10,21,attention_resunet,0.0
10x_2025-05-15_02-05-00,10,21,clahe_otsu,60.015106201171875
10x_2025-05-15_02-05-00,10,22,unet,0.0
10x_2025-05-15_02-05-00,10,22,resunet,0.0
10x_2025-05-15_02-05-00,10,22,attention_resunet,0.0
10x_2025-05-15_02-05-00,10,22,clahe_otsu,62.2161865234375
10x_2025-05-15_02-05-00,10,23,unet,0.0
10x_2025-05-15_02-05-00,10,23,resunet,0.0
10x_2025-05-15_02-05-00,10,23,attention_resunet,0.0
10x_2025-05-15_02-05-00,10,23,clahe_otsu,61.90986633300781
10x_2025-05-15_02-05-00,10,24,unet,0.0
10x_2025-05-15_02-05-00,10,24,resunet,0.0
10x_2025-05-15_02-05-00,10,24,attention_resunet,0.0
10x_2025-05-15_02-05-00,10,24,clahe_otsu,64.81056213378906
10x_2025-05-15_02-05-00,10,25,unet,0.0
10x_2025-05-15_02-05-00,10,25,resunet,0.0
10x_2025-05-15_02-05-00,10,25,attention_resunet,0.0
10x_2025-05-15_02-05-00,10,25,clahe_otsu,66.1834716796875
10x_2025-05-15_02-05-00,10,26,unet,0.0
10x_2025-05-15_02-05-00,10,26,resunet,0.0
10x_2025-05-15_02-05-00,10,26,attention_resunet,0.0
10x_2025-05-15_02-05-00,10,26,clahe_otsu,64.76860046386719
10x_2025-05-15_02-05-00,10,27,unet,0.0
10x_2025-05-15_02-05-00,10,27,resunet,0.0
10x_2025-05-15_02-05-00,10,27,attention_resunet,0.0
10x_2025-05-15_02-05-00,10,27,clahe_otsu,64.60418701171875
1280x_2025-05-16_00-59-00_002,80,0,unet,0.0
1280x_2025-05-16_00-59-00_002,80,0,resunet,0.0
1280x_2025-05-16_00-59-00_002,80,0,attention_resunet,0.0
1280x_2025-05-16_00-59-00_002,80,0,clahe_otsu,9.16290283203125
1280x_2025-05-16_00-59-00_002,80,1,unet,0.0
1280x_2025-05-16_00-59-00_002,80,1,resunet,0.0
1280x_2025-05-16_00-59-00_002,80,1,attention_resunet,0.0
1280x_2025-05-16_00-59-00_002,80,1,clahe_otsu,5.4851531982421875
1280x_2025-05-16_00-59-00_002,80,2,unet,13.419342041015625
1280x_2025-05-16_00-59-00_002,80,2,resunet,21.584701538085938
1280x_2025-05-16_00-59-00_002,80,2,attention_resunet,7.1178436279296875
1280x_2025-05-16_00-59-00_002,80,2,clahe_otsu,4.566192626953125
1280x_2025-05-16_00-59-00_002,80,3,unet,91.45774841308594
1280x_2025-05-16_00-59-00_002,80,3,resunet,98.27613830566406
1280x_2025-05-16_00-59-00_002,80,3,attention_resunet,52.89306640625
1280x_2025-05-16_00-59-00_002,80,3,clahe_otsu,4.549407958984375
1280x_2025-05-16_00-59-00_002,80,4,unet,99.61891174316406
1280x_2025-05-16_00-59-00_002,80,4,resunet,99.83558654785156
1280x_2025-05-16_00-59-00_002,80,4,attention_resunet,84.05342102050781
1280x_2025-05-16_00-59-00_002,80,4,clahe_otsu,9.813690185546875
1280x_2025-05-16_00-59-00_002,80,5,unet,98.57902526855469
1280x_2025-05-16_00-59-00_002,80,5,resunet,94.76547241210938
1280x_2025-05-16_00-59-00_002,80,5,attention_resunet,77.77557373046875
1280x_2025-05-16_00-59-00_002,80,5,clahe_otsu,16.309356689453125
1280x_2025-05-16_00-59-00_002,80,6,unet,79.56199645996094
1280x_2025-05-16_00-59-00_002,80,6,resunet,33.09288024902344
1280x_2025-05-16_00-59-00_002,80,6,attention_resunet,20.790863037109375
1280x_2025-05-16_00-59-00_002,80,6,clahe_otsu,29.19769287109375
1280x_2025-05-16_00-59-00_002,80,7,unet,0.0
1280x_2025-05-16_00-59-00_002,80,7,resunet,0.0
1280x_2025-05-16_00-59-00_002,80,7,attention_resunet,0.0
1280x_2025-05-16_00-59-00_002,80,7,clahe_otsu,5.5644989013671875
1280x_2025-05-16_00-59-00_002,80,8,unet,0.0
1280x_2025-05-16_00-59-00_002,80,8,resunet,0.0
1280x_2025-05-16_00-59-00_002,80,8,attention_resunet,0.0
1280x_2025-05-16_00-59-00_002,80,8,clahe_otsu,3.9730072021484375
1280x_2025-05-16_00-59-00_002,80,9,unet,0.0
1280x_2025-05-16_00-59-00_002,80,9,resunet,0.0
1280x_2025-05-16_00-59-00_002,80,9,attention_resunet,0.0
1280x_2025-05-16_00-59-00_002,80,9,clahe_otsu,3.582000732421875
1280x_2025-05-16_00-59-00_002,80,10,unet,17.521286010742188
1280x_2025-05-16_00-59-00_002,80,10,resunet,31.15081787109375
1280x_2025-05-16_00-59-00_002,80,10,attention_resunet,5.1296234130859375
1280x_2025-05-16_00-59-00_002,80,10,clahe_otsu,2.7767181396484375
1280x_2025-05-16_00-59-00_002,80,11,unet,97.56126403808594
1280x_2025-05-16_00-59-00_002,80,11,resunet,98.7335205078125
1280x_2025-05-16_00-59-00_002,80,11,attention_resunet,60.167694091796875
1280x_2025-05-16_00-59-00_002,80,11,clahe_otsu,3.4576416015625
1280x_2025-05-16_00-59-00_002,80,12,unet,99.9603271484375
1280x_2025-05-16_00-59-00_002,80,12,resunet,99.76463317871094
1280x_2025-05-16_00-59-00_002,80,12,attention_resunet,78.00216674804688
1280x_2025-05-16_00-59-00_002,80,12,clahe_otsu,6.6150665283203125
1280x_2025-05-16_00-59-00_002,80,13,unet,99.48654174804688
1280x_2025-05-16_00-59-00_002,80,13,resunet,97.87673950195312
1280x_2025-05-16_00-59-00_002,80,13,attention_resunet,90.5242919921875
1280x_2025-05-16_00-59-00_002,80,13,clahe_otsu,9.81903076171875
1280x_2025-05-16_00-59-00_002,80,14,unet,0.0
1280x_2025-05-16_00-59-00_002,80,14,resunet,0.0
1280x_2025-05-16_00-59-00_002,80,14,attention_resunet,0.0
1280x_2025-05-16_00-59-00_002,80,14,clahe_otsu,4.6539306640625
1280x_2025-05-16_00-59-00_002,80,15,unet,0.0
1280x_2025-05-16_00-59-00_002,80,15,resunet,0.0
1280x_2025-05-16_00-59-00_002,80,15,attention_resunet,0.0
1280x_2025-05-16_00-59-00_002,80,15,clahe_otsu,3.8982391357421875
1280x_2025-05-16_00-59-00_002,80,16,unet,0.0
1280x_2025-05-16_00-59-00_002,80,16,resunet,0.0
1280x_2025-05-16_00-59-00_002,80,16,attention_resunet,0.0
1280x_2025-05-16_00-59-00_002,80,16,clahe_otsu,3.0315399169921875
1280x_2025-05-16_00-59-00_002,80,17,unet,0.0
1280x_2025-05-16_00-59-00_002,80,17,resunet,0.0
1280x_2025-05-16_00-59-00_002,80,17,attention_resunet,0.0
1280x_2025-05-16_00-59-00_002,80,17,clahe_otsu,24.026870727539062
1280x_2025-05-16_00-59-00_002,80,18,unet,22.795867919921875
1280x_2025-05-16_00-59-00_002,80,18,resunet,31.844711303710938
1280x_2025-05-16_00-59-00_002,80,18,attention_resunet,8.498764038085938
1280x_2025-05-16_00-59-00_002,80,18,clahe_otsu,4.0283203125
1280x_2025-05-16_00-59-00_002,80,19,unet,84.02633666992188
1280x_2025-05-16_00-59-00_002,80,19,resunet,94.22149658203125
1280x_2025-05-16_00-59-00_002,80,19,attention_resunet,51.83830261230469
1280x_2025-05-16_00-59-00_002,80,19,clahe_otsu,4.0126800537109375
1280x_2025-05-16_00-59-00_002,80,20,unet,99.43275451660156
1280x_2025-05-16_00-59-00_002,80,20,resunet,99.27978515625
1280x_2025-05-16_00-59-00_002,80,20,attention_resunet,80.37338256835938
1280x_2025-05-16_00-59-00_002,80,20,clahe_otsu,7.895660400390625
1280x_2025-05-16_00-59-00_002,80,21,unet,0.0
1280x_2025-05-16_00-59-00_002,80,21,resunet,0.0
1280x_2025-05-16_00-59-00_002,80,21,attention_resunet,0.0
1280x_2025-05-16_00-59-00_002,80,21,clahe_otsu,5.289459228515625
1280x_2025-05-16_00-59-00_002,80,22,unet,0.0
1280x_2025-05-16_00-59-00_002,80,22,resunet,0.0
1280x_2025-05-16_00-59-00_002,80,22,attention_resunet,0.0
1280x_2025-05-16_00-59-00_002,80,22,clahe_otsu,4.4597625732421875
1280x_2025-05-16_00-59-00_002,80,23,unet,0.0
1280x_2025-05-16_00-59-00_002,80,23,resunet,0.0
1280x_2025-05-16_00-59-00_002,80,23,attention_resunet,0.0
1280x_2025-05-16_00-59-00_002,80,23,clahe_otsu,3.368377685546875
1280x_2025-05-16_00-59-00_002,80,24,unet,0.0
1280x_2025-05-16_00-59-00_002,80,24,resunet,0.0
1280x_2025-05-16_00-59-00_002,80,24,attention_resunet,0.0
1280x_2025-05-16_00-59-00_002,80,24,clahe_otsu,3.4580230712890625
1280x_2025-05-16_00-59-00_002,80,25,unet,0.0
1280x_2025-05-16_00-59-00_002,80,25,resunet,0.0
1280x_2025-05-16_00-59-00_002,80,25,attention_resunet,0.0
1280x_2025-05-16_00-59-00_002,80,25,clahe_otsu,34.860992431640625
1280x_2025-05-16_00-59-00_002,80,26,unet,1.8230438232421875
1280x_2025-05-16_00-59-00_002,80,26,resunet,6.562042236328125
1280x_2025-05-16_00-59-00_002,80,26,attention_resunet,1.28021240234375
1280x_2025-05-16_00-59-00_002,80,26,clahe_otsu,4.41436767578125
1280x_2025-05-16_00-59-00_002,80,27,unet,42.06390380859375
1280x_2025-05-16_00-59-00_002,80,27,resunet,57.053375244140625
1280x_2025-05-16_00-59-00_002,80,27,attention_resunet,19.811630249023438
1280x_2025-05-16_00-59-00_002,80,27,clahe_otsu,5.94940185546875
160x_2025-05-15_02-05-00,160,0,unet,0.0
160x_2025-05-15_02-05-00,160,0,resunet,1.1852264404296875
160x_2025-05-15_02-05-00,160,0,attention_resunet,0.0
160x_2025-05-15_02-05-00,160,0,clahe_otsu,32.843017578125
160x_2025-05-15_02-05-00,160,1,unet,0.0
160x_2025-05-15_02-05-00,160,1,resunet,1.091766357421875
160x_2025-05-15_02-05-00,160,1,attention_resunet,0.0
160x_2025-05-15_02-05-00,160,1,clahe_otsu,29.57611083984375
160x_2025-05-15_02-05-00,160,2,unet,0.0
160x_2025-05-15_02-05-00,160,2,resunet,2.4143218994140625
160x_2025-05-15_02-05-00,160,2,attention_resunet,0.0
160x_2025-05-15_02-05-00,160,2,clahe_otsu,28.944015502929688
160x_2025-05-15_02-05-00,160,3,unet,0.0
160x_2025-05-15_02-05-00,160,3,resunet,3.9520263671875
160x_2025-05-15_02-05-00,160,3,attention_resunet,0.0
160x_2025-05-15_02-05-00,160,3,clahe_otsu,29.691696166992188
160x_2025-05-15_02-05-00,160,4,unet,0.6591796875
160x_2025-05-15_02-05-00,160,4,resunet,4.705810546875
160x_2025-05-15_02-05-00,160,4,attention_resunet,0.0347137451171875
160x_2025-05-15_02-05-00,160,4,clahe_otsu,31.48193359375
160x_2025-05-15_02-05-00,160,5,unet,9.490203857421875
160x_2025-05-15_02-05-00,160,5,resunet,21.762466430664062
160x_2025-05-15_02-05-00,160,5,attention_resunet,1.275634765625
160x_2025-05-15_02-05-00,160,5,clahe_otsu,33.30879211425781
160x_2025-05-15_02-05-00,160,6,unet,5.9173583984375
160x_2025-05-15_02-05-00,160,6,resunet,10.18829345703125
160x_2025-05-15_02-05-00,160,6,attention_resunet,1.29852294921875
160x_2025-05-15_02-05-00,160,6,clahe_otsu,40.552520751953125
160x_2025-05-15_02-05-00,160,7,unet,0.0
160x_2025-05-15_02-05-00,160,7,resunet,0.0
160x_2025-05-15_02-05-00,160,7,attention_resunet,0.0
160x_2025-05-15_02-05-00,160,7,clahe_otsu,31.441116333007812
160x_2025-05-15_02-05-00,160,8,unet,0.0
160x_2025-05-15_02-05-00,160,8,resunet,0.0
160x_2025-05-15_02-05-00,160,8,attention_resunet,0.0
160x_2025-05-15_02-05-00,160,8,clahe_otsu,29.062652587890625
160x_2025-05-15_02-05-00,160,9,unet,0.0
160x_2025-05-15_02-05-00,160,9,resunet,0.002288818359375
160x_2025-05-15_02-05-00,160,9,attention_resunet,0.0
160x_2025-05-15_02-05-00,160,9,clahe_otsu,27.57110595703125
160x_2025-05-15_02-05-00,160,10,unet,0.0
160x_2025-05-15_02-05-00,160,10,resunet,0.8266448974609375
160x_2025-05-15_02-05-00,160,10,attention_resunet,0.0
160x_2025-05-15_02-05-00,160,10,clahe_otsu,29.312896728515625
160x_2025-05-15_02-05-00,160,11,unet,0.0
160x_2025-05-15_02-05-00,160,11,resunet,1.4301300048828125
160x_2025-05-15_02-05-00,160,11,attention_resunet,0.0
160x_2025-05-15_02-05-00,160,11,clahe_otsu,30.838394165039062
160x_2025-05-15_02-05-00,160,12,unet,0.0
160x_2025-05-15_02-05-00,160,12,resunet,3.7555694580078125
160x_2025-05-15_02-05-00,160,12,attention_resunet,0.0
160x_2025-05-15_02-05-00,160,12,clahe_otsu,33.306121826171875
160x_2025-05-15_02-05-00,160,13,unet,1.11846923828125
160x_2025-05-15_02-05-00,160,13,resunet,4.45098876953125
160x_2025-05-15_02-05-00,160,13,attention_resunet,0.0
160x_2025-05-15_02-05-00,160,13,clahe_otsu,39.284515380859375
160x_2025-05-15_02-05-00,160,14,unet,0.0
160x_2025-05-15_02-05-00,160,14,resunet,0.0
160x_2025-05-15_02-05-00,160,14,attention_resunet,0.0
160x_2025-05-15_02-05-00,160,14,clahe_otsu,30.561065673828125
160x_2025-05-15_02-05-00,160,15,unet,0.0
160x_2025-05-15_02-05-00,160,15,resunet,0.0
160x_2025-05-15_02-05-00,160,15,attention_resunet,0.0
160x_2025-05-15_02-05-00,160,15,clahe_otsu,29.1717529296875
160x_2025-05-15_02-05-00,160,16,unet,0.0
160x_2025-05-15_02-05-00,160,16,resunet,0.0152587890625
160x_2025-05-15_02-05-00,160,16,attention_resunet,0.0
160x_2025-05-15_02-05-00,160,16,clahe_otsu,28.94744873046875
160x_2025-05-15_02-05-00,160,17,unet,0.0
160x_2025-05-15_02-05-00,160,17,resunet,0.016021728515625
160x_2025-05-15_02-05-00,160,17,attention_resunet,0.0
160x_2025-05-15_02-05-00,160,17,clahe_otsu,28.743362426757812
160x_2025-05-15_02-05-00,160,18,unet,0.0
160x_2025-05-15_02-05-00,160,18,resunet,0.1346588134765625
160x_2025-05-15_02-05-00,160,18,attention_resunet,0.0
160x_2025-05-15_02-05-00,160,18,clahe_otsu,31.098556518554688
160x_2025-05-15_02-05-00,160,19,unet,0.0
160x_2025-05-15_02-05-00,160,19,resunet,0.42266845703125
160x_2025-05-15_02-05-00,160,19,attention_resunet,0.0
160x_2025-05-15_02-05-00,160,19,clahe_otsu,31.835174560546875
160x_2025-05-15_02-05-00,160,20,unet,0.0
160x_2025-05-15_02-05-00,160,20,resunet,4.801177978515625
160x_2025-05-15_02-05-00,160,20,attention_resunet,0.0
160x_2025-05-15_02-05-00,160,20,clahe_otsu,38.72871398925781
160x_2025-05-15_02-05-00,160,21,unet,0.0
160x_2025-05-15_02-05-00,160,21,resunet,0.0
160x_2025-05-15_02-05-00,160,21,attention_resunet,0.0
160x_2025-05-15_02-05-00,160,21,clahe_otsu,31.761550903320312
160x_2025-05-15_02-05-00,160,22,unet,0.0
160x_2025-05-15_02-05-00,160,22,resunet,0.0
160x_2025-05-15_02-05-00,160,22,attention_resunet,0.0
160x_2025-05-15_02-05-00,160,22,clahe_otsu,29.416656494140625
160x_2025-05-15_02-05-00,160,23,unet,0.0
160x_2025-05-15_02-05-00,160,23,resunet,0.0
160x_2025-05-15_02-05-00,160,23,attention_resunet,0.0
160x_2025-05-15_02-05-00,160,23,clahe_otsu,28.9306640625
160x_2025-05-15_02-05-00,160,24,unet,0.0
160x_2025-05-15_02-05-00,160,24,resunet,0.0
160x_2025-05-15_02-05-00,160,24,attention_resunet,0.0
160x_2025-05-15_02-05-00,160,24,clahe_otsu,29.261398315429688
160x_2025-05-15_02-05-00,160,25,unet,0.0
160x_2025-05-15_02-05-00,160,25,resunet,0.0
160x_2025-05-15_02-05-00,160,25,attention_resunet,0.0
160x_2025-05-15_02-05-00,160,25,clahe_otsu,30.426406860351562
160x_2025-05-15_02-05-00,160,26,unet,0.0
160x_2025-05-15_02-05-00,160,26,resunet,0.104522705078125
160x_2025-05-15_02-05-00,160,26,attention_resunet,0.0
160x_2025-05-15_02-05-00,160,26,clahe_otsu,32.37152099609375
160x_2025-05-15_02-05-00,160,27,unet,0.0
160x_2025-05-15_02-05-00,160,27,resunet,1.619720458984375
160x_2025-05-15_02-05-00,160,27,attention_resunet,0.0
160x_2025-05-15_02-05-00,160,27,clahe_otsu,38.681793212890625
20x_2025-05-15_02-05-00,20,0,unet,0.0
20x_2025-05-15_02-05-00,20,0,resunet,0.0
20x_2025-05-15_02-05-00,20,0,attention_resunet,0.0
20x_2025-05-15_02-05-00,20,0,clahe_otsu,56.71958923339844
20x_2025-05-15_02-05-00,20,1,unet,0.0
20x_2025-05-15_02-05-00,20,1,resunet,0.0
20x_2025-05-15_02-05-00,20,1,attention_resunet,0.0
20x_2025-05-15_02-05-00,20,1,clahe_otsu,56.97212219238281
20x_2025-05-15_02-05-00,20,2,unet,0.0
20x_2025-05-15_02-05-00,20,2,resunet,0.0
20x_2025-05-15_02-05-00,20,2,attention_resunet,0.0
20x_2025-05-15_02-05-00,20,2,clahe_otsu,56.54716491699219
20x_2025-05-15_02-05-00,20,3,unet,0.0
20x_2025-05-15_02-05-00,20,3,resunet,0.063323974609375
20x_2025-05-15_02-05-00,20,3,attention_resunet,0.0
20x_2025-05-15_02-05-00,20,3,clahe_otsu,56.41021728515625
20x_2025-05-15_02-05-00,20,4,unet,0.0
20x_2025-05-15_02-05-00,20,4,resunet,0.0
20x_2025-05-15_02-05-00,20,4,attention_resunet,0.0
20x_2025-05-15_02-05-00,20,4,clahe_otsu,56.919097900390625
20x_2025-05-15_02-05-00,20,5,unet,0.0
20x_2025-05-15_02-05-00,20,5,resunet,0.0
20x_2025-05-15_02-05-00,20,5,attention_resunet,0.0
20x_2025-05-15_02-05-00,20,5,clahe_otsu,59.19914245605469
20x_2025-05-15_02-05-00,20,6,unet,0.0
20x_2025-05-15_02-05-00,20,6,resunet,0.0
20x_2025-05-15_02-05-00,20,6,attention_resunet,0.0
20x_2025-05-15_02-05-00,20,6,clahe_otsu,57.52220153808594
20x_2025-05-15_02-05-00,20,7,unet,0.0
20x_2025-05-15_02-05-00,20,7,resunet,0.0
20x_2025-05-15_02-05-00,20,7,attention_resunet,0.0
20x_2025-05-15_02-05-00,20,7,clahe_otsu,55.373382568359375
20x_2025-05-15_02-05-00,20,8,unet,0.0
20x_2025-05-15_02-05-00,20,8,resunet,0.1682281494140625
20x_2025-05-15_02-05-00,20,8,attention_resunet,0.0
20x_2025-05-15_02-05-00,20,8,clahe_otsu,55.10101318359375
20x_2025-05-15_02-05-00,20,9,unet,0.0
20x_2025-05-15_02-05-00,20,9,resunet,0.0
20x_2025-05-15_02-05-00,20,9,attention_resunet,0.0
20x_2025-05-15_02-05-00,20,9,clahe_otsu,55.28450012207031
20x_2025-05-15_02-05-00,20,10,unet,0.0
20x_2025-05-15_02-05-00,20,10,resunet,0.0
20x_2025-05-15_02-05-00,20,10,attention_resunet,0.0
20x_2025-05-15_02-05-00,20,10,clahe_otsu,55.892181396484375
20x_2025-05-15_02-05-00,20,11,unet,0.0
20x_2025-05-15_02-05-00,20,11,resunet,0.0
20x_2025-05-15_02-05-00,20,11,attention_resunet,0.0
20x_2025-05-15_02-05-00,20,11,clahe_otsu,56.51130676269531
20x_2025-05-15_02-05-00,20,12,unet,0.0
20x_2025-05-15_02-05-00,20,12,resunet,0.0
20x_2025-05-15_02-05-00,20,12,attention_resunet,0.0
20x_2025-05-15_02-05-00,20,12,clahe_otsu,57.24525451660156
20x_2025-05-15_02-05-00,20,13,unet,0.1499176025390625
20x_2025-05-15_02-05-00,20,13,resunet,0.0
20x_2025-05-15_02-05-00,20,13,attention_resunet,0.002288818359375
20x_2025-05-15_02-05-00,20,13,clahe_otsu,56.681060791015625
20x_2025-05-15_02-05-00,20,14,unet,0.0
20x_2025-05-15_02-05-00,20,14,resunet,0.49285888671875
20x_2025-05-15_02-05-00,20,14,attention_resunet,0.0
20x_2025-05-15_02-05-00,20,14,clahe_otsu,53.63616943359375
20x_2025-05-15_02-05-00,20,15,unet,0.0
20x_2025-05-15_02-05-00,20,15,resunet,0.0
20x_2025-05-15_02-05-00,20,15,attention_resunet,0.06256103515625
20x_2025-05-15_02-05-00,20,15,clahe_otsu,54.41322326660156
20x_2025-05-15_02-05-00,20,16,unet,0.0
20x_2025-05-15_02-05-00,20,16,resunet,0.0
20x_2025-05-15_02-05-00,20,16,attention_resunet,0.0
20x_2025-05-15_02-05-00,20,16,clahe_otsu,55.046844482421875
20x_2025-05-15_02-05-00,20,17,unet,0.0
20x_2025-05-15_02-05-00,20,17,resunet,0.0
20x_2025-05-15_02-05-00,20,17,attention_resunet,0.0
20x_2025-05-15_02-05-00,20,17,clahe_otsu,57.05604553222656
20x_2025-05-15_02-05-00,20,18,unet,0.0
20x_2025-05-15_02-05-00,20,18,resunet,0.0
20x_2025-05-15_02-05-00,20,18,attention_resunet,0.0
20x_2025-05-15_02-05-00,20,18,clahe_otsu,55.96771240234375
20x_2025-05-15_02-05-00,20,19,unet,0.0
20x_2025-05-15_02-05-00,20,19,resunet,0.0
20x_2025-05-15_02-05-00,20,19,attention_resunet,0.0
20x_2025-05-15_02-05-00,20,19,clahe_otsu,55.478668212890625
20x_2025-05-15_02-05-00,20,20,unet,0.1605987548828125
20x_2025-05-15_02-05-00,20,20,resunet,0.03814697265625
20x_2025-05-15_02-05-00,20,20,attention_resunet,0.0110626220703125
20x_2025-05-15_02-05-00,20,20,clahe_otsu,55.3558349609375
20x_2025-05-15_02-05-00,20,21,unet,0.0
20x_2025-05-15_02-05-00,20,21,resunet,0.360870361328125
20x_2025-05-15_02-05-00,20,21,attention_resunet,0.0
20x_2025-05-15_02-05-00,20,21,clahe_otsu,54.00848388671875
20x_2025-05-15_02-05-00,20,22,unet,0.0308990478515625
20x_2025-05-15_02-05-00,20,22,resunet,0.203704833984375
20x_2025-05-15_02-05-00,20,22,attention_resunet,0.0
20x_2025-05-15_02-05-00,20,22,clahe_otsu,52.91709899902344
20x_2025-05-15_02-05-00,20,23,unet,0.0698089599609375
20x_2025-05-15_02-05-00,20,23,resunet,0.150299072265625
20x_2025-05-15_02-05-00,20,23,attention_resunet,0.0
20x_2025-05-15_02-05-00,20,23,clahe_otsu,54.491424560546875
20x_2025-05-15_02-05-00,20,24,unet,0.0
20x_2025-05-15_02-05-00,20,24,resunet,0.0392913818359375
20x_2025-05-15_02-05-00,20,24,attention_resunet,0.0
20x_2025-05-15_02-05-00,20,24,clahe_otsu,54.73289489746094
20x_2025-05-15_02-05-00,20,25,unet,0.0
20x_2025-05-15_02-05-00,20,25,resunet,0.182342529296875
20x_2025-05-15_02-05-00,20,25,attention_resunet,0.0
20x_2025-05-15_02-05-00,20,25,clahe_otsu,53.34320068359375
20x_2025-05-15_02-05-00,20,26,unet,0.0
20x_2025-05-15_02-05-00,20,26,resunet,0.5889892578125
20x_2025-05-15_02-05-00,20,26,attention_resunet,0.0
20x_2025-05-15_02-05-00,20,26,clahe_otsu,53.594207763671875
20x_2025-05-15_02-05-00,20,27,unet,0.1262664794921875
20x_2025-05-15_02-05-00,20,27,resunet,0.5096435546875
20x_2025-05-15_02-05-00,20,27,attention_resunet,0.6366729736328125
20x_2025-05-15_02-05-00,20,27,clahe_otsu,53.68843078613281
320x_2025-05-15_02-05-00,20,0,unet,0.9143829345703125
320x_2025-05-15_02-05-00,20,0,resunet,3.505706787109375
320x_2025-05-15_02-05-00,20,0,attention_resunet,0.0
320x_2025-05-15_02-05-00,20,0,clahe_otsu,24.882125854492188
320x_2025-05-15_02-05-00,20,1,unet,0.0
320x_2025-05-15_02-05-00,20,1,resunet,0.0
320x_2025-05-15_02-05-00,20,1,attention_resunet,0.0
320x_2025-05-15_02-05-00,20,1,clahe_otsu,17.4530029296875
320x_2025-05-15_02-05-00,20,2,unet,0.0
320x_2025-05-15_02-05-00,20,2,resunet,0.0
320x_2025-05-15_02-05-00,20,2,attention_resunet,0.0
320x_2025-05-15_02-05-00,20,2,clahe_otsu,17.345428466796875
320x_2025-05-15_02-05-00,20,3,unet,0.0
320x_2025-05-15_02-05-00,20,3,resunet,0.02288818359375
320x_2025-05-15_02-05-00,20,3,attention_resunet,0.0
320x_2025-05-15_02-05-00,20,3,clahe_otsu,16.425323486328125
320x_2025-05-15_02-05-00,20,4,unet,0.0
320x_2025-05-15_02-05-00,20,4,resunet,0.490570068359375
320x_2025-05-15_02-05-00,20,4,attention_resunet,0.0
320x_2025-05-15_02-05-00,20,4,clahe_otsu,15.36102294921875
320x_2025-05-15_02-05-00,20,5,unet,8.0535888671875
320x_2025-05-15_02-05-00,20,5,resunet,15.948104858398438
320x_2025-05-15_02-05-00,20,5,attention_resunet,5.416107177734375
320x_2025-05-15_02-05-00,20,5,clahe_otsu,15.563583374023438
320x_2025-05-15_02-05-00,20,6,unet,65.56434631347656
320x_2025-05-15_02-05-00,20,6,resunet,63.80882263183594
320x_2025-05-15_02-05-00,20,6,attention_resunet,33.734130859375
320x_2025-05-15_02-05-00,20,6,clahe_otsu,24.537277221679688
320x_2025-05-15_02-05-00,20,7,unet,0.0
320x_2025-05-15_02-05-00,20,7,resunet,0.0
320x_2025-05-15_02-05-00,20,7,attention_resunet,0.0
320x_2025-05-15_02-05-00,20,7,clahe_otsu,19.818878173828125
320x_2025-05-15_02-05-00,20,8,unet,0.0
320x_2025-05-15_02-05-00,20,8,resunet,0.0
320x_2025-05-15_02-05-00,20,8,attention_resunet,0.0
320x_2025-05-15_02-05-00,20,8,clahe_otsu,17.438888549804688
320x_2025-05-15_02-05-00,20,9,unet,0.0
320x_2025-05-15_02-05-00,20,9,resunet,0.0
320x_2025-05-15_02-05-00,20,9,attention_resunet,0.0
320x_2025-05-15_02-05-00,20,9,clahe_otsu,16.73126220703125
320x_2025-05-15_02-05-00,20,10,unet,0.0
320x_2025-05-15_02-05-00,20,10,resunet,0.0
320x_2025-05-15_02-05-00,20,10,attention_resunet,0.0
320x_2025-05-15_02-05-00,20,10,clahe_otsu,15.500640869140625
320x_2025-05-15_02-05-00,20,11,unet,0.0
320x_2025-05-15_02-05-00,20,11,resunet,0.0
320x_2025-05-15_02-05-00,20,11,attention_resunet,0.0
320x_2025-05-15_02-05-00,20,11,clahe_otsu,15.961074829101562
320x_2025-05-15_02-05-00,20,12,unet,0.0
320x_2025-05-15_02-05-00,20,12,resunet,0.0
320x_2025-05-15_02-05-00,20,12,attention_resunet,0.0
320x_2025-05-15_02-05-00,20,12,clahe_otsu,15.144729614257812
320x_2025-05-15_02-05-00,20,13,unet,3.360748291015625
320x_2025-05-15_02-05-00,20,13,resunet,5.5965423583984375
320x_2025-05-15_02-05-00,20,13,attention_resunet,1.8390655517578125
320x_2025-05-15_02-05-00,20,13,clahe_otsu,15.82794189453125
320x_2025-05-15_02-05-00,20,14,unet,0.0
320x_2025-05-15_02-05-00,20,14,resunet,0.0
320x_2025-05-15_02-05-00,20,14,attention_resunet,0.0
320x_2025-05-15_02-05-00,20,14,clahe_otsu,20.2728271484375
320x_2025-05-15_02-05-00,20,15,unet,0.0
320x_2025-05-15_02-05-00,20,15,resunet,0.0
320x_2025-05-15_02-05-00,20,15,attention_resunet,0.0
320x_2025-05-15_02-05-00,20,15,clahe_otsu,16.509246826171875
320x_2025-05-15_02-05-00,20,16,unet,0.0
320x_2025-05-15_02-05-00,20,16,resunet,0.0
320x_2025-05-15_02-05-00,20,16,attention_resunet,0.0
320x_2025-05-15_02-05-00,20,16,clahe_otsu,16.05377197265625
320x_2025-05-15_02-05-00,20,17,unet,0.0
320x_2025-05-15_02-05-00,20,17,resunet,0.0
320x_2025-05-15_02-05-00,20,17,attention_resunet,0.0
320x_2025-05-15_02-05-00,20,17,clahe_otsu,15.282058715820312
320x_2025-05-15_02-05-00,20,18,unet,0.0
320x_2025-05-15_02-05-00,20,18,resunet,0.0
320x_2025-05-15_02-05-00,20,18,attention_resunet,0.0
320x_2025-05-15_02-05-00,20,18,clahe_otsu,15.236282348632812
320x_2025-05-15_02-05-00,20,19,unet,0.0
320x_2025-05-15_02-05-00,20,19,resunet,0.0
320x_2025-05-15_02-05-00,20,19,attention_resunet,0.0
320x_2025-05-15_02-05-00,20,19,clahe_otsu,14.0869140625
320x_2025-05-15_02-05-00,20,20,unet,0.0
320x_2025-05-15_02-05-00,20,20,resunet,0.0
320x_2025-05-15_02-05-00,20,20,attention_resunet,0.0
320x_2025-05-15_02-05-00,20,20,clahe_otsu,15.968704223632812
320x_2025-05-15_02-05-00,20,21,unet,0.927734375
320x_2025-05-15_02-05-00,20,21,resunet,2.5360107421875
320x_2025-05-15_02-05-00,20,21,attention_resunet,1.1119842529296875
320x_2025-05-15_02-05-00,20,21,clahe_otsu,30.03997802734375
320x_2025-05-15_02-05-00,20,22,unet,0.0
320x_2025-05-15_02-05-00,20,22,resunet,0.0
320x_2025-05-15_02-05-00,20,22,attention_resunet,0.0
320x_2025-05-15_02-05-00,20,22,clahe_otsu,17.705154418945312
320x_2025-05-15_02-05-00,20,23,unet,0.0
320x_2025-05-15_02-05-00,20,23,resunet,0.0
320x_2025-05-15_02-05-00,20,23,attention_resunet,0.0
320x_2025-05-15_02-05-00,20,23,clahe_otsu,17.440414428710938
320x_2025-05-15_02-05-00,20,24,unet,0.0
320x_2025-05-15_02-05-00,20,24,resunet,0.0
320x_2025-05-15_02-05-00,20,24,attention_resunet,0.0
320x_2025-05-15_02-05-00,20,24,clahe_otsu,15.80047607421875
320x_2025-05-15_02-05-00,20,25,unet,0.0
320x_2025-05-15_02-05-00,20,25,resunet,0.0
320x_2025-05-15_02-05-00,20,25,attention_resunet,0.0
320x_2025-05-15_02-05-00,20,25,clahe_otsu,17.131805419921875
320x_2025-05-15_02-05-00,20,26,unet,0.0
320x_2025-05-15_02-05-00,20,26,resunet,0.0
320x_2025-05-15_02-05-00,20,26,attention_resunet,0.0
320x_2025-05-15_02-05-00,20,26,clahe_otsu,15.642166137695312
320x_2025-05-15_02-05-00,20,27,unet,0.0
320x_2025-05-15_02-05-00,20,27,resunet,0.0
320x_2025-05-15_02-05-00,20,27,attention_resunet,0.0
320x_2025-05-15_02-05-00,20,27,clahe_otsu,17.670059204101562
5120x_2025-05-16_00-59-00_002,20,0,unet,0.0
5120x_2025-05-16_00-59-00_002,20,0,resunet,0.0
5120x_2025-05-16_00-59-00_002,20,0,attention_resunet,0.0
5120x_2025-05-16_00-59-00_002,20,0,clahe_otsu,28.990554809570312
5120x_2025-05-16_00-59-00_002,20,1,unet,0.0
5120x_2025-05-16_00-59-00_002,20,1,resunet,0.0
5120x_2025-05-16_00-59-00_002,20,1,attention_resunet,0.0
5120x_2025-05-16_00-59-00_002,20,1,clahe_otsu,38.985443115234375
5120x_2025-05-16_00-59-00_002,20,2,unet,20.55511474609375
5120x_2025-05-16_00-59-00_002,20,2,resunet,35.95695495605469
5120x_2025-05-16_00-59-00_002,20,2,attention_resunet,10.720443725585938
5120x_2025-05-16_00-59-00_002,20,2,clahe_otsu,47.6593017578125
5120x_2025-05-16_00-59-00_002,20,3,unet,97.60246276855469
5120x_2025-05-16_00-59-00_002,20,3,resunet,99.14360046386719
5120x_2025-05-16_00-59-00_002,20,3,attention_resunet,77.87742614746094
5120x_2025-05-16_00-59-00_002,20,3,clahe_otsu,40.465545654296875
5120x_2025-05-16_00-59-00_002,20,4,unet,99.97940063476562
5120x_2025-05-16_00-59-00_002,20,4,resunet,99.99465942382812
5120x_2025-05-16_00-59-00_002,20,4,attention_resunet,96.923828125
5120x_2025-05-16_00-59-00_002,20,4,clahe_otsu,31.195068359375
5120x_2025-05-16_00-59-00_002,20,5,unet,99.18212890625
5120x_2025-05-16_00-59-00_002,20,5,resunet,99.73945617675781
5120x_2025-05-16_00-59-00_002,20,5,attention_resunet,92.78717041015625
5120x_2025-05-16_00-59-00_002,20,5,clahe_otsu,45.63789367675781
5120x_2025-05-16_00-59-00_002,20,6,unet,85.20317077636719
5120x_2025-05-16_00-59-00_002,20,6,resunet,52.56156921386719
5120x_2025-05-16_00-59-00_002,20,6,attention_resunet,26.0711669921875
5120x_2025-05-16_00-59-00_002,20,6,clahe_otsu,36.034393310546875
5120x_2025-05-16_00-59-00_002,20,7,unet,0.0
5120x_2025-05-16_00-59-00_002,20,7,resunet,0.0
5120x_2025-05-16_00-59-00_002,20,7,attention_resunet,0.0
5120x_2025-05-16_00-59-00_002,20,7,clahe_otsu,30.741500854492188
5120x_2025-05-16_00-59-00_002,20,8,unet,0.0
5120x_2025-05-16_00-59-00_002,20,8,resunet,0.0
5120x_2025-05-16_00-59-00_002,20,8,attention_resunet,0.0
5120x_2025-05-16_00-59-00_002,20,8,clahe_otsu,38.799285888671875
5120x_2025-05-16_00-59-00_002,20,9,unet,0.0
5120x_2025-05-16_00-59-00_002,20,9,resunet,0.0
5120x_2025-05-16_00-59-00_002,20,9,attention_resunet,0.0
5120x_2025-05-16_00-59-00_002,20,9,clahe_otsu,37.95509338378906
5120x_2025-05-16_00-59-00_002,20,10,unet,30.43670654296875
5120x_2025-05-16_00-59-00_002,20,10,resunet,45.05157470703125
5120x_2025-05-16_00-59-00_002,20,10,attention_resunet,20.340728759765625
5120x_2025-05-16_00-59-00_002,20,10,clahe_otsu,43.63441467285156
5120x_2025-05-16_00-59-00_002,20,11,unet,99.65858459472656
5120x_2025-05-16_00-59-00_002,20,11,resunet,99.93133544921875
5120x_2025-05-16_00-59-00_002,20,11,attention_resunet,78.42903137207031
5120x_2025-05-16_00-59-00_002,20,11,clahe_otsu,35.457611083984375
5120x_2025-05-16_00-59-00_002,20,12,unet,99.96337890625
5120x_2025-05-16_00-59-00_002,20,12,resunet,99.99923706054688
5120x_2025-05-16_00-59-00_002,20,12,attention_resunet,91.28990173339844
5120x_2025-05-16_00-59-00_002,20,12,clahe_otsu,26.155853271484375
5120x_2025-05-16_00-59-00_002,20,13,unet,99.80354309082031
5120x_2025-05-16_00-59-00_002,20,13,resunet,99.98703002929688
5120x_2025-05-16_00-59-00_002,20,13,attention_resunet,99.94087219238281
5120x_2025-05-16_00-59-00_002,20,13,clahe_otsu,41.74652099609375
5120x_2025-05-16_00-59-00_002,20,14,unet,0.0
5120x_2025-05-16_00-59-00_002,20,14,resunet,0.0
5120x_2025-05-16_00-59-00_002,20,14,attention_resunet,0.0
5120x_2025-05-16_00-59-00_002,20,14,clahe_otsu,30.751419067382812
5120x_2025-05-16_00-59-00_002,20,15,unet,0.0
5120x_2025-05-16_00-59-00_002,20,15,resunet,0.0
5120x_2025-05-16_00-59-00_002,20,15,attention_resunet,0.0
5120x_2025-05-16_00-59-00_002,20,15,clahe_otsu,36.26708984375
5120x_2025-05-16_00-59-00_002,20,16,unet,0.0
5120x_2025-05-16_00-59-00_002,20,16,resunet,0.0
5120x_2025-05-16_00-59-00_002,20,16,attention_resunet,0.0
5120x_2025-05-16_00-59-00_002,20,16,clahe_otsu,39.20440673828125
5120x_2025-05-16_00-59-00_002,20,17,unet,0.096893310546875
5120x_2025-05-16_00-59-00_002,20,17,resunet,1.270294189453125
5120x_2025-05-16_00-59-00_002,20,17,attention_resunet,0.0
5120x_2025-05-16_00-59-00_002,20,17,clahe_otsu,36.40937805175781
5120x_2025-05-16_00-59-00_002,20,18,unet,35.256195068359375
5120x_2025-05-16_00-59-00_002,20,18,resunet,53.03916931152344
5120x_2025-05-16_00-59-00_002,20,18,attention_resunet,15.216445922851562
5120x_2025-05-16_00-59-00_002,20,18,clahe_otsu,35.19287109375
5120x_2025-05-16_00-59-00_002,20,19,unet,86.3739013671875
5120x_2025-05-16_00-59-00_002,20,19,resunet,98.93455505371094
5120x_2025-05-16_00-59-00_002,20,19,attention_resunet,65.64064025878906
5120x_2025-05-16_00-59-00_002,20,19,clahe_otsu,45.69053649902344
5120x_2025-05-16_00-59-00_002,20,20,unet,99.85504150390625
5120x_2025-05-16_00-59-00_002,20,20,resunet,99.98435974121094
5120x_2025-05-16_00-59-00_002,20,20,attention_resunet,95.77674865722656
5120x_2025-05-16_00-59-00_002,20,20,clahe_otsu,38.55438232421875
5120x_2025-05-16_00-59-00_002,20,21,unet,0.0
5120x_2025-05-16_00-59-00_002,20,21,resunet,0.0
5120x_2025-05-16_00-59-00_002,20,21,attention_resunet,0.0
5120x_2025-05-16_00-59-00_002,20,21,clahe_otsu,28.7322998046875
5120x_2025-05-16_00-59-00_002,20,22,unet,0.0
5120x_2025-05-16_00-59-00_002,20,22,resunet,0.0
5120x_2025-05-16_00-59-00_002,20,22,attention_resunet,0.0
5120x_2025-05-16_00-59-00_002,20,22,clahe_otsu,29.935836791992188
5120x_2025-05-16_00-59-00_002,20,23,unet,0.0
5120x_2025-05-16_00-59-00_002,20,23,resunet,0.0
5120x_2025-05-16_00-59-00_002,20,23,attention_resunet,0.0
5120x_2025-05-16_00-59-00_002,20,23,clahe_otsu,37.1124267578125
5120x_2025-05-16_00-59-00_002,20,24,unet,0.0
5120x_2025-05-16_00-59-00_002,20,24,resunet,0.0
5120x_2025-05-16_00-59-00_002,20,24,attention_resunet,0.0
5120x_2025-05-16_00-59-00_002,20,24,clahe_otsu,40.375518798828125
5120x_2025-05-16_00-59-00_002,20,25,unet,0.0
5120x_2025-05-16_00-59-00_002,20,25,resunet,0.0
5120x_2025-05-16_00-59-00_002,20,25,attention_resunet,0.0
5120x_2025-05-16_00-59-00_002,20,25,clahe_otsu,40.753936767578125
5120x_2025-05-16_00-59-00_002,20,26,unet,3.7158966064453125
5120x_2025-05-16_00-59-00_002,20,26,resunet,12.156295776367188
5120x_2025-05-16_00-59-00_002,20,26,attention_resunet,2.568817138671875
5120x_2025-05-16_00-59-00_002,20,26,clahe_otsu,41.97044372558594
5120x_2025-05-16_00-59-00_002,20,27,unet,47.156524658203125
5120x_2025-05-16_00-59-00_002,20,27,resunet,69.89364624023438
5120x_2025-05-16_00-59-00_002,20,27,attention_resunet,30.169677734375
5120x_2025-05-16_00-59-00_002,20,27,clahe_otsu,40.25764465332031
640x_2025-05-16_00-59-00_002,40,0,unet,0.0
640x_2025-05-16_00-59-00_002,40,0,resunet,0.0
640x_2025-05-16_00-59-00_002,40,0,attention_resunet,0.0
640x_2025-05-16_00-59-00_002,40,0,clahe_otsu,15.235137939453125
640x_2025-05-16_00-59-00_002,40,1,unet,0.0
640x_2025-05-16_00-59-00_002,40,1,resunet,0.01983642578125
640x_2025-05-16_00-59-00_002,40,1,attention_resunet,0.0
640x_2025-05-16_00-59-00_002,40,1,clahe_otsu,12.879562377929688
640x_2025-05-16_00-59-00_002,40,2,unet,2.2441864013671875
640x_2025-05-16_00-59-00_002,40,2,resunet,6.5532684326171875
640x_2025-05-16_00-59-00_002,40,2,attention_resunet,2.216339111328125
640x_2025-05-16_00-59-00_002,40,2,clahe_otsu,10.29510498046875
640x_2025-05-16_00-59-00_002,40,3,unet,65.28778076171875
640x_2025-05-16_00-59-00_002,40,3,resunet,78.72314453125
640x_2025-05-16_00-59-00_002,40,3,attention_resunet,33.727264404296875
640x_2025-05-16_00-59-00_002,40,3,clahe_otsu,9.751510620117188
640x_2025-05-16_00-59-00_002,40,4,unet,98.63967895507812
640x_2025-05-16_00-59-00_002,40,4,resunet,97.66273498535156
640x_2025-05-16_00-59-00_002,40,4,attention_resunet,73.01216125488281
640x_2025-05-16_00-59-00_002,40,4,clahe_otsu,10.8001708984375
640x_2025-05-16_00-59-00_002,40,5,unet,99.13825988769531
640x_2025-05-16_00-59-00_002,40,5,resunet,95.23200988769531
640x_2025-05-16_00-59-00_002,40,5,attention_resunet,77.1392822265625
640x_2025-05-16_00-59-00_002,40,5,clahe_otsu,11.944198608398438
640x_2025-05-16_00-59-00_002,40,6,unet,87.50152587890625
640x_2025-05-16_00-59-00_002,40,6,resunet,55.22041320800781
640x_2025-05-16_00-59-00_002,40,6,attention_resunet,40.63873291015625
640x_2025-05-16_00-59-00_002,40,6,clahe_otsu,16.846466064453125
640x_2025-05-16_00-59-00_002,40,7,unet,0.0
640x_2025-05-16_00-59-00_002,40,7,resunet,0.0
640x_2025-05-16_00-59-00_002,40,7,attention_resunet,0.0
640x_2025-05-16_00-59-00_002,40,7,clahe_otsu,12.778854370117188
640x_2025-05-16_00-59-00_002,40,8,unet,0.0
640x_2025-05-16_00-59-00_002,40,8,resunet,0.0
640x_2025-05-16_00-59-00_002,40,8,attention_resunet,0.0
640x_2025-05-16_00-59-00_002,40,8,clahe_otsu,11.455917358398438
640x_2025-05-16_00-59-00_002,40,9,unet,0.0
640x_2025-05-16_00-59-00_002,40,9,resunet,0.0
640x_2025-05-16_00-59-00_002,40,9,attention_resunet,0.0
640x_2025-05-16_00-59-00_002,40,9,clahe_otsu,10.224533081054688
640x_2025-05-16_00-59-00_002,40,10,unet,3.67431640625
640x_2025-05-16_00-59-00_002,40,10,resunet,9.030532836914062
640x_2025-05-16_00-59-00_002,40,10,attention_resunet,2.3773193359375
640x_2025-05-16_00-59-00_002,40,10,clahe_otsu,8.625411987304688
640x_2025-05-16_00-59-00_002,40,11,unet,70.72105407714844
640x_2025-05-16_00-59-00_002,40,11,resunet,86.73057556152344
640x_2025-05-16_00-59-00_002,40,11,attention_resunet,35.13298034667969
640x_2025-05-16_00-59-00_002,40,11,clahe_otsu,8.533859252929688
640x_2025-05-16_00-59-00_002,40,12,unet,98.92234802246094
640x_2025-05-16_00-59-00_002,40,12,resunet,99.7222900390625
640x_2025-05-16_00-59-00_002,40,12,attention_resunet,74.530029296875
640x_2025-05-16_00-59-00_002,40,12,clahe_otsu,10.251235961914062
640x_2025-05-16_00-59-00_002,40,13,unet,99.4384765625
640x_2025-05-16_00-59-00_002,40,13,resunet,99.31411743164062
640x_2025-05-16_00-59-00_002,40,13,attention_resunet,78.38401794433594
640x_2025-05-16_00-59-00_002,40,13,clahe_otsu,13.419342041015625
640x_2025-05-16_00-59-00_002,40,14,unet,0.0
640x_2025-05-16_00-59-00_002,40,14,resunet,0.0
640x_2025-05-16_00-59-00_002,40,14,attention_resunet,0.0
640x_2025-05-16_00-59-00_002,40,14,clahe_otsu,12.804412841796875
640x_2025-05-16_00-59-00_002,40,15,unet,0.0
640x_2025-05-16_00-59-00_002,40,15,resunet,0.0
640x_2025-05-16_00-59-00_002,40,15,attention_resunet,0.0
640x_2025-05-16_00-59-00_002,40,15,clahe_otsu,9.454727172851562
640x_2025-05-16_00-59-00_002,40,16,unet,0.0
640x_2025-05-16_00-59-00_002,40,16,resunet,0.0
640x_2025-05-16_00-59-00_002,40,16,attention_resunet,0.0
640x_2025-05-16_00-59-00_002,40,16,clahe_otsu,9.372711181640625
640x_2025-05-16_00-59-00_002,40,17,unet,0.0
640x_2025-05-16_00-59-00_002,40,17,resunet,0.0
640x_2025-05-16_00-59-00_002,40,17,attention_resunet,0.0
640x_2025-05-16_00-59-00_002,40,17,clahe_otsu,7.4810028076171875
640x_2025-05-16_00-59-00_002,40,18,unet,3.7387847900390625
640x_2025-05-16_00-59-00_002,40,18,resunet,11.226654052734375
640x_2025-05-16_00-59-00_002,40,18,attention_resunet,2.4822235107421875
640x_2025-05-16_00-59-00_002,40,18,clahe_otsu,8.890151977539062
640x_2025-05-16_00-59-00_002,40,19,unet,40.75584411621094
640x_2025-05-16_00-59-00_002,40,19,resunet,58.36944580078125
640x_2025-05-16_00-59-00_002,40,19,attention_resunet,17.631912231445312
640x_2025-05-16_00-59-00_002,40,19,clahe_otsu,8.13751220703125
640x_2025-05-16_00-59-00_002,40,20,unet,93.97010803222656
640x_2025-05-16_00-59-00_002,40,20,resunet,99.50904846191406
640x_2025-05-16_00-59-00_002,40,20,attention_resunet,66.81175231933594
640x_2025-05-16_00-59-00_002,40,20,clahe_otsu,12.157821655273438
640x_2025-05-16_00-59-00_002,40,21,unet,0.0
640x_2025-05-16_00-59-00_002,40,21,resunet,0.0
640x_2025-05-16_00-59-00_002,40,21,attention_resunet,0.0
640x_2025-05-16_00-59-00_002,40,21,clahe_otsu,12.500762939453125
640x_2025-05-16_00-59-00_002,40,22,unet,0.0
640x_2025-05-16_00-59-00_002,40,22,resunet,0.0
640x_2025-05-16_00-59-00_002,40,22,attention_resunet,0.0
640x_2025-05-16_00-59-00_002,40,22,clahe_otsu,10.092544555664062
640x_2025-05-16_00-59-00_002,40,23,unet,0.0
640x_2025-05-16_00-59-00_002,40,23,resunet,0.0
640x_2025-05-16_00-59-00_002,40,23,attention_resunet,0.0
640x_2025-05-16_00-59-00_002,40,23,clahe_otsu,8.990097045898438
640x_2025-05-16_00-59-00_002,40,24,unet,0.0
640x_2025-05-16_00-59-00_002,40,24,resunet,0.0
640x_2025-05-16_00-59-00_002,40,24,attention_resunet,0.0
640x_2025-05-16_00-59-00_002,40,24,clahe_otsu,7.736968994140625
640x_2025-05-16_00-59-00_002,40,25,unet,0.0
640x_2025-05-16_00-59-00_002,40,25,resunet,0.0
640x_2025-05-16_00-59-00_002,40,25,attention_resunet,0.0
640x_2025-05-16_00-59-00_002,40,25,clahe_otsu,8.077621459960938
640x_2025-05-16_00-59-00_002,40,26,unet,0.20904541015625
640x_2025-05-16_00-59-00_002,40,26,resunet,1.4751434326171875
640x_2025-05-16_00-59-00_002,40,26,attention_resunet,0.0
640x_2025-05-16_00-59-00_002,40,26,clahe_otsu,9.681320190429688
640x_2025-05-16_00-59-00_002,40,27,unet,19.402694702148438
640x_2025-05-16_00-59-00_002,40,27,resunet,29.430389404296875
640x_2025-05-16_00-59-00_002,40,27,attention_resunet,12.570953369140625
640x_2025-05-16_00-59-00_002,40,27,clahe_otsu,12.33062744140625
80x_1_2025-05-22_14-48-00_003,80,0,unet,0.0
80x_1_2025-05-22_14-48-00_003,80,0,resunet,0.00762939453125
80x_1_2025-05-22_14-48-00_003,80,0,attention_resunet,0.0
80x_1_2025-05-22_14-48-00_003,80,0,clahe_otsu,54.238128662109375
80x_1_2025-05-22_14-48-00_003,80,1,unet,0.0
80x_1_2025-05-22_14-48-00_003,80,1,resunet,0.0
80x_1_2025-05-22_14-48-00_003,80,1,attention_resunet,0.0
80x_1_2025-05-22_14-48-00_003,80,1,clahe_otsu,54.769134521484375
80x_1_2025-05-22_14-48-00_003,80,2,unet,0.0
80x_1_2025-05-22_14-48-00_003,80,2,resunet,0.0
80x_1_2025-05-22_14-48-00_003,80,2,attention_resunet,0.0
80x_1_2025-05-22_14-48-00_003,80,2,clahe_otsu,54.122161865234375
80x_1_2025-05-22_14-48-00_003,80,3,unet,0.0
80x_1_2025-05-22_14-48-00_003,80,3,resunet,0.054931640625
80x_1_2025-05-22_14-48-00_003,80,3,attention_resunet,0.0
80x_1_2025-05-22_14-48-00_003,80,3,clahe_otsu,53.313446044921875
80x_1_2025-05-22_14-48-00_003,80,4,unet,0.0
80x_1_2025-05-22_14-48-00_003,80,4,resunet,0.0
80x_1_2025-05-22_14-48-00_003,80,4,attention_resunet,0.0
80x_1_2025-05-22_14-48-00_003,80,4,clahe_otsu,52.777862548828125
80x_1_2025-05-22_14-48-00_003,80,5,unet,0.0
80x_1_2025-05-22_14-48-00_003,80,5,resunet,0.0
80x_1_2025-05-22_14-48-00_003,80,5,attention_resunet,0.0
80x_1_2025-05-22_14-48-00_003,80,5,clahe_otsu,52.81219482421875
80x_1_2025-05-22_14-48-00_003,80,6,unet,0.0
80x_1_2025-05-22_14-48-00_003,80,6,resunet,0.0789642333984375
80x_1_2025-05-22_14-48-00_003,80,6,attention_resunet,0.0
80x_1_2025-05-22_14-48-00_003,80,6,clahe_otsu,52.76336669921875
80x_1_2025-05-22_14-48-00_003,80,7,unet,0.0
80x_1_2025-05-22_14-48-00_003,80,7,resunet,0.0
80x_1_2025-05-22_14-48-00_003,80,7,attention_resunet,0.0026702880859375
80x_1_2025-05-22_14-48-00_003,80,7,clahe_otsu,53.61061096191406
80x_1_2025-05-22_14-48-00_003,80,8,unet,0.0
80x_1_2025-05-22_14-48-00_003,80,8,resunet,0.0
80x_1_2025-05-22_14-48-00_003,80,8,attention_resunet,0.0
80x_1_2025-05-22_14-48-00_003,80,8,clahe_otsu,52.63175964355469
80x_1_2025-05-22_14-48-00_003,80,9,unet,0.0
80x_1_2025-05-22_14-48-00_003,80,9,resunet,0.0
80x_1_2025-05-22_14-48-00_003,80,9,attention_resunet,0.0
80x_1_2025-05-22_14-48-00_003,80,9,clahe_otsu,52.048492431640625
80x_1_2025-05-22_14-48-00_003,80,10,unet,0.0
80x_1_2025-05-22_14-48-00_003,80,10,resunet,0.0
80x_1_2025-05-22_14-48-00_003,80,10,attention_resunet,0.0
80x_1_2025-05-22_14-48-00_003,80,10,clahe_otsu,53.29704284667969
80x_1_2025-05-22_14-48-00_003,80,11,unet,0.0
80x_1_2025-05-22_14-48-00_003,80,11,resunet,0.0
80x_1_2025-05-22_14-48-00_003,80,11,attention_resunet,0.0
80x_1_2025-05-22_14-48-00_003,80,11,clahe_otsu,52.057647705078125
80x_1_2025-05-22_14-48-00_003,80,12,unet,0.0
80x_1_2025-05-22_14-48-00_003,80,12,resunet,0.01220703125
80x_1_2025-05-22_14-48-00_003,80,12,attention_resunet,0.0
80x_1_2025-05-22_14-48-00_003,80,12,clahe_otsu,52.030181884765625
80x_1_2025-05-22_14-48-00_003,80,13,unet,0.0
80x_1_2025-05-22_14-48-00_003,80,13,resunet,0.0
80x_1_2025-05-22_14-48-00_003,80,13,attention_resunet,0.0
80x_1_2025-05-22_14-48-00_003,80,13,clahe_otsu,51.2481689453125
80x_1_2025-05-22_14-48-00_003,80,14,unet,0.0
80x_1_2025-05-22_14-48-00_003,80,14,resunet,0.1026153564453125
80x_1_2025-05-22_14-48-00_003,80,14,attention_resunet,0.0
80x_1_2025-05-22_14-48-00_003,80,14,clahe_otsu,52.18963623046875
80x_1_2025-05-22_14-48-00_003,80,15,unet,0.0
80x_1_2025-05-22_14-48-00_003,80,15,resunet,0.0156402587890625
80x_1_2025-05-22_14-48-00_003,80,15,attention_resunet,0.0
80x_1_2025-05-22_14-48-00_003,80,15,clahe_otsu,52.36968994140625
80x_1_2025-05-22_14-48-00_003,80,16,unet,0.0
80x_1_2025-05-22_14-48-00_003,80,16,resunet,0.0
80x_1_2025-05-22_14-48-00_003,80,16,attention_resunet,0.0
80x_1_2025-05-22_14-48-00_003,80,16,clahe_otsu,51.67999267578125
80x_1_2025-05-22_14-48-00_003,80,17,unet,0.0
80x_1_2025-05-22_14-48-00_003,80,17,resunet,0.0
80x_1_2025-05-22_14-48-00_003,80,17,attention_resunet,0.0
80x_1_2025-05-22_14-48-00_003,80,17,clahe_otsu,52.08854675292969
80x_1_2025-05-22_14-48-00_003,80,18,unet,0.0
80x_1_2025-05-22_14-48-00_003,80,18,resunet,0.0
80x_1_2025-05-22_14-48-00_003,80,18,attention_resunet,0.0
80x_1_2025-05-22_14-48-00_003,80,18,clahe_otsu,52.15644836425781
80x_1_2025-05-22_14-48-00_003,80,19,unet,0.0
80x_1_2025-05-22_14-48-00_003,80,19,resunet,0.072479248046875
80x_1_2025-05-22_14-48-00_003,80,19,attention_resunet,0.0
80x_1_2025-05-22_14-48-00_003,80,19,clahe_otsu,50.44822692871094
80x_1_2025-05-22_14-48-00_003,80,20,unet,0.0
80x_1_2025-05-22_14-48-00_003,80,20,resunet,0.0
80x_1_2025-05-22_14-48-00_003,80,20,attention_resunet,0.0
80x_1_2025-05-22_14-48-00_003,80,20,clahe_otsu,50.90217590332031
80x_1_2025-05-22_14-48-00_003,80,21,unet,0.0
80x_1_2025-05-22_14-48-00_003,80,21,resunet,0.539398193359375
80x_1_2025-05-22_14-48-00_003,80,21,attention_resunet,0.0
80x_1_2025-05-22_14-48-00_003,80,21,clahe_otsu,52.423095703125
80x_1_2025-05-22_14-48-00_003,80,22,unet,0.0
80x_1_2025-05-22_14-48-00_003,80,22,resunet,0.049591064453125
80x_1_2025-05-22_14-48-00_003,80,22,attention_resunet,0.0
80x_1_2025-05-22_14-48-00_003,80,22,clahe_otsu,51.39884948730469
80x_1_2025-05-22_14-48-00_003,80,23,unet,0.0
80x_1_2025-05-22_14-48-00_003,80,23,resunet,0.3231048583984375
80x_1_2025-05-22_14-48-00_003,80,23,attention_resunet,0.0
80x_1_2025-05-22_14-48-00_003,80,23,clahe_otsu,51.398468017578125
80x_1_2025-05-22_14-48-00_003,80,24,unet,0.0
80x_1_2025-05-22_14-48-00_003,80,24,resunet,0.08392333984375
80x_1_2025-05-22_14-48-00_003,80,24,attention_resunet,0.0
80x_1_2025-05-22_14-48-00_003,80,24,clahe_otsu,50.9735107421875
80x_1_2025-05-22_14-48-00_003,80,25,unet,0.0
80x_1_2025-05-22_14-48-00_003,80,25,resunet,0.0
80x_1_2025-05-22_14-48-00_003,80,25,attention_resunet,0.0
80x_1_2025-05-22_14-48-00_003,80,25,clahe_otsu,51.137542724609375
80x_1_2025-05-22_14-48-00_003,80,26,unet,0.0
80x_1_2025-05-22_14-48-00_003,80,26,resunet,0.0
80x_1_2025-05-22_14-48-00_003,80,26,attention_resunet,0.0
80x_1_2025-05-22_14-48-00_003,80,26,clahe_otsu,50.482177734375
80x_1_2025-05-22_14-48-00_003,80,27,unet,0.0
80x_1_2025-05-22_14-48-00_003,80,27,resunet,0.362396240234375
80x_1_2025-05-22_14-48-00_003,80,27,attention_resunet,0.0
80x_1_2025-05-22_14-48-00_003,80,27,clahe_otsu,50.21629333496094
80x_2_2025-05-22_14-48-00,80,0,unet,0.0
80x_2_2025-05-22_14-48-00,80,0,resunet,0.0171661376953125
80x_2_2025-05-22_14-48-00,80,0,attention_resunet,0.0
80x_2_2025-05-22_14-48-00,80,0,clahe_otsu,45.70465087890625
80x_2_2025-05-22_14-48-00,80,1,unet,0.0
80x_2_2025-05-22_14-48-00,80,1,resunet,0.0
80x_2_2025-05-22_14-48-00,80,1,attention_resunet,0.0
80x_2_2025-05-22_14-48-00,80,1,clahe_otsu,44.51789855957031
80x_2_2025-05-22_14-48-00,80,2,unet,0.0
80x_2_2025-05-22_14-48-00,80,2,resunet,0.0
80x_2_2025-05-22_14-48-00,80,2,attention_resunet,0.0
80x_2_2025-05-22_14-48-00,80,2,clahe_otsu,45.394134521484375
80x_2_2025-05-22_14-48-00,80,3,unet,0.0
80x_2_2025-05-22_14-48-00,80,3,resunet,0.0
80x_2_2025-05-22_14-48-00,80,3,attention_resunet,0.0
80x_2_2025-05-22_14-48-00,80,3,clahe_otsu,45.639801025390625
80x_2_2025-05-22_14-48-00,80,4,unet,0.0
80x_2_2025-05-22_14-48-00,80,4,resunet,0.1354217529296875
80x_2_2025-05-22_14-48-00,80,4,attention_resunet,0.0
80x_2_2025-05-22_14-48-00,80,4,clahe_otsu,44.68231201171875
80x_2_2025-05-22_14-48-00,80,5,unet,0.0
80x_2_2025-05-22_14-48-00,80,5,resunet,0.0
80x_2_2025-05-22_14-48-00,80,5,attention_resunet,0.0
80x_2_2025-05-22_14-48-00,80,5,clahe_otsu,44.747161865234375
80x_2_2025-05-22_14-48-00,80,6,unet,0.1491546630859375
80x_2_2025-05-22_14-48-00,80,6,resunet,0.0
80x_2_2025-05-22_14-48-00,80,6,attention_resunet,0.0
80x_2_2025-05-22_14-48-00,80,6,clahe_otsu,45.40290832519531
80x_2_2025-05-22_14-48-00,80,7,unet,0.0
80x_2_2025-05-22_14-48-00,80,7,resunet,0.0148773193359375
80x_2_2025-05-22_14-48-00,80,7,attention_resunet,0.0
80x_2_2025-05-22_14-48-00,80,7,clahe_otsu,45.684814453125
80x_2_2025-05-22_14-48-00,80,8,unet,0.0
80x_2_2025-05-22_14-48-00,80,8,resunet,0.012969970703125
80x_2_2025-05-22_14-48-00,80,8,attention_resunet,0.0
80x_2_2025-05-22_14-48-00,80,8,clahe_otsu,43.84193420410156
80x_2_2025-05-22_14-48-00,80,9,unet,0.0
80x_2_2025-05-22_14-48-00,80,9,resunet,0.0
80x_2_2025-05-22_14-48-00,80,9,attention_resunet,0.0
80x_2_2025-05-22_14-48-00,80,9,clahe_otsu,44.358062744140625
80x_2_2025-05-22_14-48-00,80,10,unet,0.0
80x_2_2025-05-22_14-48-00,80,10,resunet,0.0
80x_2_2025-05-22_14-48-00,80,10,attention_resunet,0.0
80x_2_2025-05-22_14-48-00,80,10,clahe_otsu,44.07501220703125
80x_2_2025-05-22_14-48-00,80,11,unet,0.0
80x_2_2025-05-22_14-48-00,80,11,resunet,0.0
80x_2_2025-05-22_14-48-00,80,11,attention_resunet,0.0
80x_2_2025-05-22_14-48-00,80,11,clahe_otsu,44.884490966796875
80x_2_2025-05-22_14-48-00,80,12,unet,0.0
80x_2_2025-05-22_14-48-00,80,12,resunet,0.0
80x_2_2025-05-22_14-48-00,80,12,attention_resunet,0.0
80x_2_2025-05-22_14-48-00,80,12,clahe_otsu,44.280242919921875
80x_2_2025-05-22_14-48-00,80,13,unet,0.0
80x_2_2025-05-22_14-48-00,80,13,resunet,0.0911712646484375
80x_2_2025-05-22_14-48-00,80,13,attention_resunet,0.0
80x_2_2025-05-22_14-48-00,80,13,clahe_otsu,43.35289001464844
80x_2_2025-05-22_14-48-00,80,14,unet,0.0
80x_2_2025-05-22_14-48-00,80,14,resunet,1.3721466064453125
80x_2_2025-05-22_14-48-00,80,14,attention_resunet,0.0
80x_2_2025-05-22_14-48-00,80,14,clahe_otsu,44.052886962890625
80x_2_2025-05-22_14-48-00,80,15,unet,0.0
80x_2_2025-05-22_14-48-00,80,15,resunet,0.2536773681640625
80x_2_2025-05-22_14-48-00,80,15,attention_resunet,0.0
80x_2_2025-05-22_14-48-00,80,15,clahe_otsu,43.89762878417969
80x_2_2025-05-22_14-48-00,80,16,unet,0.0
80x_2_2025-05-22_14-48-00,80,16,resunet,0.3772735595703125
80x_2_2025-05-22_14-48-00,80,16,attention_resunet,0.0
80x_2_2025-05-22_14-48-00,80,16,clahe_otsu,43.42842102050781
80x_2_2025-05-22_14-48-00,80,17,unet,0.0
80x_2_2025-05-22_14-48-00,80,17,resunet,0.0
80x_2_2025-05-22_14-48-00,80,17,attention_resunet,0.0
80x_2_2025-05-22_14-48-00,80,17,clahe_otsu,44.02732849121094
80x_2_2025-05-22_14-48-00,80,18,unet,0.0
80x_2_2025-05-22_14-48-00,80,18,resunet,0.0
80x_2_2025-05-22_14-48-00,80,18,attention_resunet,0.0
80x_2_2025-05-22_14-48-00,80,18,clahe_otsu,43.84613037109375
80x_2_2025-05-22_14-48-00,80,19,unet,0.0
80x_2_2025-05-22_14-48-00,80,19,resunet,0.07476806640625
80x_2_2025-05-22_14-48-00,80,19,attention_resunet,0.0
80x_2_2025-05-22_14-48-00,80,19,clahe_otsu,45.30448913574219
80x_2_2025-05-22_14-48-00,80,20,unet,0.0
80x_2_2025-05-22_14-48-00,80,20,resunet,0.077056884765625
80x_2_2025-05-22_14-48-00,80,20,attention_resunet,0.0
80x_2_2025-05-22_14-48-00,80,20,clahe_otsu,43.93157958984375
80x_2_2025-05-22_14-48-00,80,21,unet,0.0
80x_2_2025-05-22_14-48-00,80,21,resunet,0.0690460205078125
80x_2_2025-05-22_14-48-00,80,21,attention_resunet,0.0
80x_2_2025-05-22_14-48-00,80,21,clahe_otsu,44.673919677734375
80x_2_2025-05-22_14-48-00,80,22,unet,0.0
80x_2_2025-05-22_14-48-00,80,22,resunet,0.2452850341796875
80x_2_2025-05-22_14-48-00,80,22,attention_resunet,0.0
80x_2_2025-05-22_14-48-00,80,22,clahe_otsu,44.29206848144531
80x_2_2025-05-22_14-48-00,80,23,unet,0.0
80x_2_2025-05-22_14-48-00,80,23,resunet,0.037384033203125
80x_2_2025-05-22_14-48-00,80,23,attention_resunet,0.0
80x_2_2025-05-22_14-48-00,80,23,clahe_otsu,43.802642822265625
80x_2_2025-05-22_14-48-00,80,24,unet,0.0
80x_2_2025-05-22_14-48-00,80,24,resunet,0.0
80x_2_2025-05-22_14-48-00,80,24,attention_resunet,0.0
80x_2_2025-05-22_14-48-00,80,24,clahe_otsu,43.801116943359375
80x_2_2025-05-22_14-48-00,80,25,unet,0.0
80x_2_2025-05-22_14-48-00,80,25,resunet,0.1140594482421875
80x_2_2025-05-22_14-48-00,80,25,attention_resunet,0.0
80x_2_2025-05-22_14-48-00,80,25,clahe_otsu,44.41184997558594
80x_2_2025-05-22_14-48-00,80,26,unet,0.0
80x_2_2025-05-22_14-48-00,80,26,resunet,0.0030517578125
80x_2_2025-05-22_14-48-00,80,26,attention_resunet,0.0
80x_2_2025-05-22_14-48-00,80,26,clahe_otsu,44.362640380859375
80x_2_2025-05-22_14-48-00,80,27,unet,0.0
80x_2_2025-05-22_14-48-00,80,27,resunet,0.0
80x_2_2025-05-22_14-48-00,80,27,attention_resunet,0.0
80x_2_2025-05-22_14-48-00,80,27,clahe_otsu,44.970703125
