architecture,n_filters,dropout,learning_rate,best_val_iou,model_name
unet,16,0.1,0.001,0.614640760421753,unet_n_filters16_dropout0.1_learning_rate0.001
unet,16,0.1,0.003,0.5816020369529724,unet_n_filters16_dropout0.1_learning_rate0.003
unet,16,0.1,0.005,0.5093447089195251,unet_n_filters16_dropout0.1_learning_rate0.005
unet,16,0.2,0.001,0.5880712389945983,unet_n_filters16_dropout0.2_learning_rate0.001
unet,16,0.2,0.003,0.576146149635315,unet_n_filters16_dropout0.2_learning_rate0.003
unet,16,0.2,0.005,0.5317872822284698,unet_n_filters16_dropout0.2_learning_rate0.005
unet,16,0.3,0.001,0.5927255511283874,unet_n_filters16_dropout0.3_learning_rate0.001
unet,16,0.3,0.003,0.5336970329284668,unet_n_filters16_dropout0.3_learning_rate0.003
unet,16,0.3,0.005,0.5332951664924621,unet_n_filters16_dropout0.3_learning_rate0.005
unet,32,0.1,0.001,0.6330337882041931,unet_n_filters32_dropout0.1_learning_rate0.001
unet,32,0.1,0.003,0.5721485912799835,unet_n_filters32_dropout0.1_learning_rate0.003
unet,32,0.1,0.005,0.614170777797699,unet_n_filters32_dropout0.1_learning_rate0.005
unet,32,0.2,0.001,0.6377273201942444,unet_n_filters32_dropout0.2_learning_rate0.001
unet,32,0.2,0.003,0.584003084897995,unet_n_filters32_dropout0.2_learning_rate0.003
unet,32,0.2,0.005,0.5528897821903229,unet_n_filters32_dropout0.2_learning_rate0.005
unet,32,0.3,0.001,0.5632017254829407,unet_n_filters32_dropout0.3_learning_rate0.001
unet,32,0.3,0.003,0.5156109273433686,unet_n_filters32_dropout0.3_learning_rate0.003
unet,32,0.3,0.005,0.5001066625118256,unet_n_filters32_dropout0.3_learning_rate0.005
unet,64,0.1,0.001,0.5694277286529541,unet_n_filters64_dropout0.1_learning_rate0.001
unet,64,0.1,0.003,0.5699443697929383,unet_n_filters64_dropout0.1_learning_rate0.003
unet,64,0.1,0.005,0.5959521293640136,unet_n_filters64_dropout0.1_learning_rate0.005
unet,64,0.2,0.001,0.6367861866950989,unet_n_filters64_dropout0.2_learning_rate0.001
unet,64,0.2,0.003,0.5834198594093323,unet_n_filters64_dropout0.2_learning_rate0.003
unet,64,0.2,0.005,0.5055805444717407,unet_n_filters64_dropout0.2_learning_rate0.005
unet,64,0.3,0.001,0.5607340812683106,unet_n_filters64_dropout0.3_learning_rate0.001
unet,64,0.3,0.003,0.5135579526424408,unet_n_filters64_dropout0.3_learning_rate0.003
unet,64,0.3,0.005,0.4773765981197357,unet_n_filters64_dropout0.3_learning_rate0.005
attention_unet,16,0.1,0.001,0.61362624168396,attention_unet_n_filters16_dropout0.1_learning_rate0.001
attention_unet,16,0.1,0.003,0.5811422407627106,attention_unet_n_filters16_dropout0.1_learning_rate0.003
attention_unet,16,0.1,0.005,0.5799581050872803,attention_unet_n_filters16_dropout0.1_learning_rate0.005
attention_unet,16,0.2,0.001,0.5870627582073211,attention_unet_n_filters16_dropout0.2_learning_rate0.001
attention_unet,16,0.2,0.003,0.5218767523765564,attention_unet_n_filters16_dropout0.2_learning_rate0.003
attention_unet,16,0.2,0.005,0.5893267035484314,attention_unet_n_filters16_dropout0.2_learning_rate0.005
attention_unet,16,0.3,0.001,0.5432281911373138,attention_unet_n_filters16_dropout0.3_learning_rate0.001
attention_unet,16,0.3,0.003,0.5870616555213928,attention_unet_n_filters16_dropout0.3_learning_rate0.003
attention_unet,16,0.3,0.005,0.5340654790401459,attention_unet_n_filters16_dropout0.3_learning_rate0.005
attention_unet,32,0.1,0.001,0.596948218345642,attention_unet_n_filters32_dropout0.1_learning_rate0.001
attention_unet,32,0.1,0.003,0.6254194617271424,attention_unet_n_filters32_dropout0.1_learning_rate0.003
attention_unet,32,0.1,0.005,0.5755780100822449,attention_unet_n_filters32_dropout0.1_learning_rate0.005
attention_unet,32,0.2,0.001,0.6154148817062378,attention_unet_n_filters32_dropout0.2_learning_rate0.001
attention_unet,32,0.2,0.003,0.5342195987701416,attention_unet_n_filters32_dropout0.2_learning_rate0.003
attention_unet,32,0.2,0.005,0.5287328898906708,attention_unet_n_filters32_dropout0.2_learning_rate0.005
attention_unet,32,0.3,0.001,0.5512024283409118,attention_unet_n_filters32_dropout0.3_learning_rate0.001
attention_unet,32,0.3,0.003,0.5544447958469391,attention_unet_n_filters32_dropout0.3_learning_rate0.003
attention_unet,32,0.3,0.005,0.5419421255588531,attention_unet_n_filters32_dropout0.3_learning_rate0.005
attention_unet,64,0.1,0.001,0.5705498993396759,attention_unet_n_filters64_dropout0.1_learning_rate0.001
attention_unet,64,0.1,0.003,0.5834263265132904,attention_unet_n_filters64_dropout0.1_learning_rate0.003
attention_unet,64,0.1,0.005,0.5514310717582702,attention_unet_n_filters64_dropout0.1_learning_rate0.005
attention_unet,64,0.2,0.001,0.5993805170059204,attention_unet_n_filters64_dropout0.2_learning_rate0.001
attention_unet,64,0.2,0.003,0.5115337133407593,attention_unet_n_filters64_dropout0.2_learning_rate0.003
attention_unet,64,0.2,0.005,0.5457602083683014,attention_unet_n_filters64_dropout0.2_learning_rate0.005
attention_unet,64,0.3,0.001,0.5915694236755371,attention_unet_n_filters64_dropout0.3_learning_rate0.001
attention_unet,64,0.3,0.003,0.5168712913990021,attention_unet_n_filters64_dropout0.3_learning_rate0.003
attention_unet,64,0.3,0.005,0.5546275496482849,attention_unet_n_filters64_dropout0.3_learning_rate0.005
attention_resunet,16,0.1,0.001,0.5915794730186462,attention_resunet_n_filters16_dropout0.1_learning_rate0.001
attention_resunet,16,0.1,0.003,0.5475385546684265,attention_resunet_n_filters16_dropout0.1_learning_rate0.003
attention_resunet,16,0.1,0.005,0.5560896813869476,attention_resunet_n_filters16_dropout0.1_learning_rate0.005
attention_resunet,16,0.2,0.001,0.5781903088092804,attention_resunet_n_filters16_dropout0.2_learning_rate0.001
attention_resunet,16,0.2,0.003,0.5274043083190918,attention_resunet_n_filters16_dropout0.2_learning_rate0.003
attention_resunet,16,0.2,0.005,0.4852278530597687,attention_resunet_n_filters16_dropout0.2_learning_rate0.005
attention_resunet,16,0.3,0.001,0.5068833112716675,attention_resunet_n_filters16_dropout0.3_learning_rate0.001
attention_resunet,16,0.3,0.003,0.5104077279567718,attention_resunet_n_filters16_dropout0.3_learning_rate0.003
attention_resunet,16,0.3,0.005,0.47703073620796205,attention_resunet_n_filters16_dropout0.3_learning_rate0.005
attention_resunet,32,0.1,0.001,0.6015766322612762,attention_resunet_n_filters32_dropout0.1_learning_rate0.001
attention_resunet,32,0.1,0.003,0.5528504610061645,attention_resunet_n_filters32_dropout0.1_learning_rate0.003
attention_resunet,32,0.1,0.005,0.566971480846405,attention_resunet_n_filters32_dropout0.1_learning_rate0.005
attention_resunet,32,0.2,0.001,0.5549765706062317,attention_resunet_n_filters32_dropout0.2_learning_rate0.001
attention_resunet,32,0.2,0.003,0.5283416628837585,attention_resunet_n_filters32_dropout0.2_learning_rate0.003
attention_resunet,32,0.2,0.005,0.5370746493339539,attention_resunet_n_filters32_dropout0.2_learning_rate0.005
attention_resunet,32,0.3,0.001,0.5390804350376129,attention_resunet_n_filters32_dropout0.3_learning_rate0.001
attention_resunet,32,0.3,0.003,0.39879167079925537,attention_resunet_n_filters32_dropout0.3_learning_rate0.003
attention_resunet,32,0.3,0.005,0.43728803396224974,attention_resunet_n_filters32_dropout0.3_learning_rate0.005
attention_resunet,64,0.1,0.001,0.6126907587051391,attention_resunet_n_filters64_dropout0.1_learning_rate0.001
attention_resunet,64,0.1,0.003,0.5824118256568909,attention_resunet_n_filters64_dropout0.1_learning_rate0.003
attention_resunet,64,0.1,0.005,0.45983214378356935,attention_resunet_n_filters64_dropout0.1_learning_rate0.005
attention_resunet,64,0.2,0.001,0.6112127900123596,attention_resunet_n_filters64_dropout0.2_learning_rate0.001
attention_resunet,64,0.2,0.003,0.5083414077758789,attention_resunet_n_filters64_dropout0.2_learning_rate0.003
attention_resunet,64,0.2,0.005,0.4318289577960968,attention_resunet_n_filters64_dropout0.2_learning_rate0.005
attention_resunet,64,0.3,0.001,0.5602408885955811,attention_resunet_n_filters64_dropout0.3_learning_rate0.001
attention_resunet,64,0.3,0.003,0.48137105703353883,attention_resunet_n_filters64_dropout0.3_learning_rate0.003
attention_resunet,64,0.3,0.005,0.5214707255363464,attention_resunet_n_filters64_dropout0.3_learning_rate0.005
