val_jaccard,train_jaccard,best_epoch,total_epochs,overfitting_gap,batch_size_used,oom_retries,success,fold,config_name,architecture,lr,dropout,batch_size
0.13051599264144897,0.1478327363729477,5,13,1.7316743731498718,2,0,True,1,unet_lr0.0001_drop0.2_bs2,unet,0.0001,0.2,2
0.10527035593986511,0.13519370555877686,6,14,2.9923349618911743,2,0,True,2,unet_lr0.0001_drop0.2_bs2,unet,0.0001,0.2,2
0.15692344307899475,0.12111523002386093,3,11,-3.580821305513382,2,0,True,3,unet_lr0.0001_drop0.2_bs2,unet,0.0001,0.2,2
0.1476803421974182,0.14359605312347412,3,11,-0.4084289073944092,4,0,True,1,unet_lr0.0001_drop0.2_bs4,unet,0.0001,0.2,4
0.11934790015220642,0.1743549406528473,0,8,5.500704050064087,4,0,True,2,unet_lr0.0001_drop0.2_bs4,unet,0.0001,0.2,4
0.14655929803848267,0.12485094368457794,0,8,-2.1708354353904724,4,0,True,3,unet_lr0.0001_drop0.2_bs4,unet,0.0001,0.2,4
0.14464779198169708,0.14577579498291016,8,16,0.11280030012130737,2,0,True,1,unet_lr0.0001_drop0.3_bs2,unet,0.0001,0.3,2
0.11066123098134995,0.13808493316173553,9,17,2.742370218038559,2,0,True,2,unet_lr0.0001_drop0.3_bs2,unet,0.0001,0.3,2
0.14517995715141296,0.09935946762561798,0,8,-4.582048952579498,2,0,True,3,unet_lr0.0001_drop0.3_bs2,unet,0.0001,0.3,2
0.14098384976387024,0.14844311773777008,0,8,0.7459267973899841,4,0,True,1,unet_lr0.0001_drop0.3_bs4,unet,0.0001,0.3,4
0.12050894647836685,0.14890539646148682,0,8,2.8396449983119965,4,0,True,2,unet_lr0.0001_drop0.3_bs4,unet,0.0001,0.3,4
0.1556606888771057,0.1259656846523285,6,14,-2.969500422477722,4,0,True,3,unet_lr0.0001_drop0.3_bs4,unet,0.0001,0.3,4
0.15335416793823242,0.1588522344827652,16,24,0.5498066544532776,2,0,True,1,unet_lr5e-05_drop0.2_bs2,unet,5e-05,0.2,2
0.12442760169506073,0.15082761645317078,14,22,2.6400014758110046,2,0,True,2,unet_lr5e-05_drop0.2_bs2,unet,5e-05,0.2,2
0.17909157276153564,0.1177690401673317,11,19,-6.132253259420395,2,0,True,3,unet_lr5e-05_drop0.2_bs2,unet,5e-05,0.2,2
0.1487942934036255,0.13301095366477966,18,26,-1.5783339738845825,4,0,True,1,unet_lr5e-05_drop0.2_bs4,unet,5e-05,0.2,4
0.12864015996456146,0.15561236441135406,28,30,2.6972204446792603,4,0,True,2,unet_lr5e-05_drop0.2_bs4,unet,5e-05,0.2,4
0.1808127760887146,0.1322183907032013,20,28,-4.859438538551331,4,0,True,3,unet_lr5e-05_drop0.2_bs4,unet,5e-05,0.2,4
0.12799400091171265,0.12796372175216675,0,8,-0.0030279159545898438,2,0,True,1,unet_lr5e-05_drop0.3_bs2,unet,5e-05,0.3,2
0.10433176904916763,0.15458740293979645,0,8,5.0255633890628815,2,0,True,2,unet_lr5e-05_drop0.3_bs2,unet,5e-05,0.3,2
0.15052209794521332,0.12092339992523193,0,8,-2.9598698019981384,2,0,True,3,unet_lr5e-05_drop0.3_bs2,unet,5e-05,0.3,2
0.14470970630645752,0.10400998592376709,4,12,-4.069972038269043,4,0,True,1,unet_lr5e-05_drop0.3_bs4,unet,5e-05,0.3,4
0.12415805459022522,0.12873846292495728,12,20,0.45804083347320557,4,0,True,2,unet_lr5e-05_drop0.3_bs4,unet,5e-05,0.3,4
0.1667211502790451,0.14291289448738098,19,27,-2.3808255791664124,4,0,True,3,unet_lr5e-05_drop0.3_bs4,unet,5e-05,0.3,4
0.10961215943098068,0.11674340814352036,0,8,0.7131248712539673,2,0,True,1,resunet_lr0.0001_drop0.2_bs2,resunet,0.0001,0.2,2
0.11141714453697205,0.13219252228736877,2,10,2.077537775039673,2,0,True,2,resunet_lr0.0001_drop0.2_bs2,resunet,0.0001,0.2,2
0.13727900385856628,0.11734621226787567,0,8,-1.9932791590690613,2,0,True,3,resunet_lr0.0001_drop0.2_bs2,resunet,0.0001,0.2,2
0.1411980539560318,0.13451440632343292,0,8,-0.6683647632598877,4,0,True,1,resunet_lr0.0001_drop0.2_bs4,resunet,0.0001,0.2,4
0.13370481133460999,0.10786546021699905,21,29,-2.583935111761093,4,0,True,2,resunet_lr0.0001_drop0.2_bs4,resunet,0.0001,0.2,4
0.15315549075603485,0.12384867668151855,8,16,-2.9306814074516296,4,0,True,3,resunet_lr0.0001_drop0.2_bs4,resunet,0.0001,0.2,4
0.1534038782119751,0.13908682763576508,13,21,-1.4317050576210022,2,0,True,1,resunet_lr0.0001_drop0.3_bs2,resunet,0.0001,0.3,2
0.10413800925016403,0.14433661103248596,0,8,4.019860178232193,2,0,True,2,resunet_lr0.0001_drop0.3_bs2,resunet,0.0001,0.3,2
0.13803525269031525,0.08513891696929932,0,8,-5.289633572101593,2,0,True,3,resunet_lr0.0001_drop0.3_bs2,resunet,0.0001,0.3,2
0.15288317203521729,0.17209464311599731,26,30,1.921147108078003,4,0,True,1,resunet_lr0.0001_drop0.3_bs4,resunet,0.0001,0.3,4
0.12484151870012283,0.18082474172115326,0,8,5.598322302103043,4,0,True,2,resunet_lr0.0001_drop0.3_bs4,resunet,0.0001,0.3,4
0.15784552693367004,0.13016372919082642,4,12,-2.768179774284363,4,0,True,3,resunet_lr0.0001_drop0.3_bs4,resunet,0.0001,0.3,4
0.14528873562812805,0.15918129682540894,9,17,1.3892561197280884,2,0,True,1,resunet_lr5e-05_drop0.2_bs2,resunet,5e-05,0.2,2
0.10258021205663681,0.11408191919326782,0,8,1.1501707136631012,2,0,True,2,resunet_lr5e-05_drop0.2_bs2,resunet,5e-05,0.2,2
0.16891925036907196,0.13373099267482758,9,17,-3.5188257694244385,2,0,True,3,resunet_lr5e-05_drop0.2_bs2,resunet,5e-05,0.2,2
0.14063316583633423,0.1667497307062149,0,8,2.6116564869880676,4,0,True,1,resunet_lr5e-05_drop0.2_bs4,resunet,5e-05,0.2,4
0.11810122430324554,0.10478594899177551,0,8,-1.3315275311470032,4,0,True,2,resunet_lr5e-05_drop0.2_bs4,resunet,5e-05,0.2,4
0.1498178392648697,0.11535034328699112,0,8,-3.446749597787857,4,0,True,3,resunet_lr5e-05_drop0.2_bs4,resunet,5e-05,0.2,4
0.12353920936584473,0.1312374621629715,7,15,0.769825279712677,2,0,True,1,resunet_lr5e-05_drop0.3_bs2,resunet,5e-05,0.3,2
0.10234389454126358,0.1705344021320343,0,8,6.819050759077072,2,0,True,2,resunet_lr5e-05_drop0.3_bs2,resunet,5e-05,0.3,2
0.16074888408184052,0.1133294552564621,4,12,-4.741942882537842,2,0,True,3,resunet_lr5e-05_drop0.3_bs2,resunet,5e-05,0.3,2
0.17379778623580933,0.1562974750995636,17,25,-1.7500311136245728,4,0,True,1,resunet_lr5e-05_drop0.3_bs4,resunet,5e-05,0.3,4
0.1405673623085022,0.1890554130077362,29,30,4.848805069923401,4,0,True,2,resunet_lr5e-05_drop0.3_bs4,resunet,5e-05,0.3,4
0.15021559596061707,0.15894848108291626,0,8,0.8732885122299194,4,0,True,3,resunet_lr5e-05_drop0.3_bs4,resunet,5e-05,0.3,4
0.13607919216156006,0.14560642838478088,9,17,0.9527236223220825,2,0,True,1,attention_resunet_lr0.0001_drop0.2_bs2,attention_resunet,0.0001,0.2,2
0.1288401335477829,0.17087127268314362,15,23,4.203113913536072,2,0,True,2,attention_resunet_lr0.0001_drop0.2_bs2,attention_resunet,0.0001,0.2,2
0.18007320165634155,0.11822140216827393,13,21,-6.185179948806763,2,0,True,3,attention_resunet_lr0.0001_drop0.2_bs2,attention_resunet,0.0001,0.2,2
0.1463460475206375,0.14456453919410706,1,9,-0.17815083265304565,4,0,True,1,attention_resunet_lr0.0001_drop0.2_bs4,attention_resunet,0.0001,0.2,4
0.1511230319738388,0.1670520305633545,29,30,1.5928998589515686,4,0,True,2,attention_resunet_lr0.0001_drop0.2_bs4,attention_resunet,0.0001,0.2,4
0.14444640278816223,0.12866954505443573,0,8,-1.5776857733726501,4,0,True,3,attention_resunet_lr0.0001_drop0.2_bs4,attention_resunet,0.0001,0.2,4
0.13938690721988678,0.13984566926956177,16,24,0.04587620496749878,2,0,True,1,attention_resunet_lr0.0001_drop0.3_bs2,attention_resunet,0.0001,0.3,2
0.10466133803129196,0.15280728042125702,0,8,4.814594238996506,2,0,True,2,attention_resunet_lr0.0001_drop0.3_bs2,attention_resunet,0.0001,0.3,2
0.16485624015331268,0.10647619515657425,11,19,-5.838004499673843,2,0,True,3,attention_resunet_lr0.0001_drop0.3_bs2,attention_resunet,0.0001,0.3,2
0.13528865575790405,0.1309640258550644,0,8,-0.43246299028396606,4,0,True,1,attention_resunet_lr0.0001_drop0.3_bs4,attention_resunet,0.0001,0.3,4
0.12297911196947098,0.13057228922843933,0,8,0.7593177258968353,4,0,True,2,attention_resunet_lr0.0001_drop0.3_bs4,attention_resunet,0.0001,0.3,4
0.1802000254392624,0.11505705863237381,19,27,-6.514296680688858,4,0,True,3,attention_resunet_lr0.0001_drop0.3_bs4,attention_resunet,0.0001,0.3,4
0.1239381656050682,0.12166336923837662,0,8,-0.22747963666915894,2,0,True,1,attention_resunet_lr5e-05_drop0.2_bs2,attention_resunet,5e-05,0.2,2
0.11111839860677719,0.1626526266336441,12,20,5.153422802686691,2,0,True,2,attention_resunet_lr5e-05_drop0.2_bs2,attention_resunet,5e-05,0.2,2
0.14629141986370087,0.07997649908065796,0,8,-6.631492078304291,2,0,True,3,attention_resunet_lr5e-05_drop0.2_bs2,attention_resunet,5e-05,0.2,2
0.17665717005729675,0.14947138726711273,15,23,-2.718578279018402,4,0,True,1,attention_resunet_lr5e-05_drop0.2_bs4,attention_resunet,5e-05,0.2,4
0.11747953295707703,0.1389925479888916,0,8,2.1513015031814575,4,0,True,2,attention_resunet_lr5e-05_drop0.2_bs4,attention_resunet,5e-05,0.2,4
0.1745614856481552,0.13169963657855988,28,30,-4.286184906959534,4,0,True,3,attention_resunet_lr5e-05_drop0.2_bs4,attention_resunet,5e-05,0.2,4
0.15128962695598602,0.13853134214878082,10,18,-1.27582848072052,2,0,True,1,attention_resunet_lr5e-05_drop0.3_bs2,attention_resunet,5e-05,0.3,2
0.13416576385498047,0.17330551147460938,14,22,3.9139747619628906,2,0,True,2,attention_resunet_lr5e-05_drop0.3_bs2,attention_resunet,5e-05,0.3,2
0.16771219670772552,0.12650738656520844,4,12,-4.120481014251709,2,0,True,3,attention_resunet_lr5e-05_drop0.3_bs2,attention_resunet,5e-05,0.3,2
0.17446157336235046,0.1434844434261322,29,30,-3.097712993621826,4,0,True,1,attention_resunet_lr5e-05_drop0.3_bs4,attention_resunet,5e-05,0.3,4
0.1256961077451706,0.14407317340373993,4,12,1.8377065658569336,4,0,True,2,attention_resunet_lr5e-05_drop0.3_bs4,attention_resunet,5e-05,0.3,4
0.16546212136745453,0.12094315141439438,22,30,-4.451896995306015,4,0,True,3,attention_resunet_lr5e-05_drop0.3_bs4,attention_resunet,5e-05,0.3,4
